rep_number,first_name,last_name,party,Har ingen registreringspliktige interesser,Styreverv mv.,Selvstendig næring,Lønnet stilling mv.,Tidligere arbeidsgiver,Framtidig arbeidsgiver,Økonomisk støtte,Eiendom i næring,Aksjer mv.,Utenlandsreiser,Gaver,Opplysninger om selskapsgjeld,Andre forhold,Ingen registrerte opplysninger
128,Solveig Sundbø,Abrahamsen,H,True,,,,,,,,,,,,,
142,Elin Rodum,Agdestein,H,,"Høy & Rodum Eiendom AS, styreleder
KomRev Trøndelag IKS, styreleder (lønnet)
HRE Holding AS, styreleder
Dr. Agdestein AS, styremedlem (vara)
Steinkjer Montessoribarnehage, styremedlem
Naboer AB, styremedlem
Steinkjer Montessoriforening, styremedlem",,,,,,"Fyrgt 3, Steinkjer
Kongensgt 38, Steinkjer
Otto Sverdrups vei 50, Steinkjer
Åsveien 57-59, Steinkjer","Høy & Rodum Eiendom AS
HRE Holding AS",,,,,
107,Grunde,Almeland,V,,- Råd for kjønns- og seksualitetsmangfold i Oslo kommune (godtgjørelse),,,,,,,,"- 14.-22. juli 2018, Tanzania, European Parliamentary
Forum on Population and Development
- 16.-19. mai 2019, Colombia, Caribe Afirmativo (oppdrag formidlet via den norske ambassaden i Bogotá)",,,,
135,Per-Willy,Amundsen,FrP,True,,,,,,,,,,,,,
155,Dag Terje,Andersen,A,True,,,,,,,,,,,,,
48,Karin,Andersen,SV,,Styremedlem i Høgskolestiftelsen i Kongsvinger (møtegodtgjørelse),,,,,,,,"Reise i regi av IAVI til Kenya og Uganda 9 til 14 januar
2017. Reise og opphold betalt av IAVI. Div dekket privat. antatt verdi 12.000,- .
Avventer korrekt beløp for det har jeg ennå ikke fått fra
organisasjonen.
IAVI- International AIDS Vaccine Initiative
Van Diemenstraat 48
1013 NH Amsterdam, The Netherlands
.","To billetter til Peer Gynt-forestillingen og to overnattinger på hotell for to personer i forbindelse med oppdrag om
å dele ut årets Peer Gynt i 2010. Betalt av Peer Gynt AS.
2 billetter til Sting-konsert på Hamar august 2017.",,,
140,Marit,Arnstad,Sp,,,,"Senterpartiet, parlamentarisk leder, lønnet.",,,,,"Aksjer i Gjensidige ASA,
Aksje i AS Nord-Trøndelag
Aksjer i Klassekampen",,,,,
16,Henrik,Asheim,H,,"Styremedlem i Sex og Samfunn 2012-2014, vervet er
godtgjort, men har frasagt meg godtgjørelsen
1.vara i styret i Bærum Montesorriskole, ulønnet",,,,,,,,,,,,
150,Jorodd,Asphjell,A,True,,,,,,,,,,,,,
23,Åsmund,Aukrust,A,,"Fra juni 2015: Styremedlem Regnskogfondet, ulønnet
verv",,,,,,,,,,,,
100,Une,Bastholm,MDG,,,"Gruppeinstruktør i aerobic (Krønsj), ingen inntekt.",,"Ingen. (Som nasjonal talsperson har jeg rett på lønn fra
Miljøpartiet De Grønne, dersom inntekt, pensjonsrettigheter og forsikring fra Stortinget skulle falle bort. Jeg
mottar ingen slike fordeler i dag.)",,,,,,,,"Min samboer jobber med politisk påvirkning og myndighetskontakt som politisk rådgiver for Tax Justice
Network Norge. Det kan være relevant for allmennheten
når det gjelder mitt arbeid i finanskomiteen med saker
som skattelegging av internasjonale selskaper og Norges
posisjon til internasjonale skatteregler (eks skatteparadisproblematikk).",
132,Geir Jørgen,Bekkevold,KrF,True,,,,,,,,,,,,,
8,Norunn Tveiten,Benestad,H,,"Nestleder i Sparebanken Pluss, Kristiansand. Lønnet.
Avsluttes ved nyttår 2013/2014.
Styremedlem i Avfall Sør AS, Kristiansand. Lønnet.
Styremedlem i Avfall Sør Husholdning AS, Kristiansand. Lønnet
Rådsmedlem i stiftelsen Cultiva, Kristiansand. Møtegodtgjørelse.
Medlem i Formannskapet i Kristiansand for valgperioden
2011-2015. Lønnet. Har meldt stående forfall og mottar
ikke lønn i stortingsperioden.
Medlem av Kommunalutvalget i Kristiansand kommune.
Lønnet. Har meldt stående forfall og mottar ikke godtgjørelse i stortingsperioden.
Medlem av Bystyret i Krisansand. Lønnet. Har meldt
stående forfall og mottar ikke godtgjørelse i stortingsperioden.",,,"Har permisjon fra Cappelen Damm, mottar ikke lønn i
stortingsperioden.",,,,,,,,,
71,Fredric Holen,Bjørdal,A,,,,"Engasjement som miljøterapeut i Bufetat, Sunnmørsheimen akuttinstitusjon i Volda. Sommarvikar i 2014.",,,,,,,"Hospitering hos Statoil sine ulike lokalitetar i Noreg, 2326.august 2016. Stortinget betalte reise og opphald, Statoil betalte måltid og helikoptertur til plattform.",,,
64,Nils T.,Bjørke,Sp,,"Styremedlem Ausfjelli grunneigarlag og sankelag, (ulønna)
Styremedlem Kveik AS (lønna)",Sjølvstendig næringsdrivande oppdrag i jord og skogbruk,,,,,,,,,,,
164,Elise,Bjørnebekk-Waagen,A,,"Medlem av Sarpsborg bystyre, møtegodtgjørelse.
Styremedlem Østfold Arbeiderparti, ikke lønnet .
Representantskapet Østfold Handel og Kontor (varamedlem), ikke lønnet.
Fagskolerådet Østfold, ikke lønnet.
Styre for Fagskolen Østfold, varamedlem, ikke lønnet.
Borg Havn, varamedlem styre, møtegodtgjørelse.",,Fagpolitisk ungdomssekretær LO/Østfold,Avtale om permisjon fra stilling som faglig ungdomssekretær ved LOs distriktskontor i Østfold.,,,,,,,,,
147,Sivert,Bjørnstad,FrP,,"Styremedlem, Karl-Ove Bjørnstad Eiendom AS. Ikke
lønnet.
Styremedlem, Vitenskapsmuseet NTNU. Møtegodtgjørelse.
Medlem av bystyret, Trondheim kommune. Møtegodtgjørelse.
Medlem av kontrollkomiteen, Trondheim kommune.
Møtegodtgjørelse.","Innehaver, Peninsula Invest AS",,,,,"Er deleier i flere bygårder/utleieforhold/tomter i Trondheim og nærliggende kommuner gjennom eierskapet i
Peninsula Invest AS.","Aker Solutions ASA (under 1 pst.)
BlueEye Robotics AS (under 1 pst.)
Folkeinvest AS (under 1 pst.)
Forsøkslia AS (3,5 pst.)
Karl-Ove Bjørnstad Eiendom AS (18 pst.)
Karl-Ove Bjørnstad AS (16,364 pst.)
Klæbutorget Bt2 AS (4 pst.)
Kobtas AS (13 pst.)
MM9 Utbygging AS (18 pst.)
NB Gruppen AS (4 pst.)
NB-Utleie AS (4 pst.)
Nedre Grillstadkleiva 1-3 AS (18,056 pst.)
Norsk Hydro ASA (under 1 pst.)
Næringsbygg AS (3,922 pst.)
Næringsbygg Betong AS (2,02 pst.)
Peninsula Invest AS (100 pst.)
Saxe Viks Vei 2 AS (18 pst.)
Scorpio AS (18 pst.)
Solstad Utvikling AS (13 pst.)
Wavefoil AS (under 1 pst.)",,,,,
136,Sandra,Borch,Sp,,"Styremedlem Sameiet Sjørpaken - lønnet
Styremedlem Alfheim Arena AS - lønnet
Nestleder Troms Senterparti - ulønnet",,,,,,,,,,,,
10,Torhild,Bransdal,KrF,,"Styremedlem KS Agder (møtegodtgjørelse)
Hovedstyremedlem KS (godtgjørelse)
Nestleder arbeidsutvalg Agder Energi (eierutvalg) (møtegodtgjørelse)",,,,,,,,,,,,
63,Terje,Breivik,V,,Nestleiar i Venstre. Godtgjersle tilsvarande 10% av stortingsrepresenstantsgodtgjerlsa.,,,,,,,Hardanger Slipeverkstad AS.,,,,,
109,Tina,Bru,H,,,,,,,,,"Medeier i Kids og Kaffe AS (eierandel 33,3 %)",,,,,
3,Åshild,Bruun-Gundersen,FrP,,"Nye Veier AS, styremedlem, lønnet.
Arendal Eiendom KF, styremedlem, lønnet.
Arendal Bystyre, medlem, lønnet.
Arendal Formannskap, medlem, lønnet.
Aust-Agder Næringsselskap AS, varamedlem
Aust-Agder Fylkesting, medlem, lønnet.
Aust-Agder Fylkesutvalg, medlem, lønnet.
Fellesnemnd for Agder, medlem, lønnet.
Nedenes skole Samarbeidsutvalg, politisk oppnevnt, lønnet.",,,"Har fått innvilget permisjon fra min stilling i Nye Veier
AS i perioden 9.oktober 2017 - 9.oktober 2021. Får ikke
lønn under permisjon, er også meldt ut av pensjons- og
forsikringsordningene.
Har permisjon fra en annen stilling i Statens Vegvesen
frem til 31.12.2017. Får ikke lønn under permisjonen eller andre velferdsfordeler.",,,,,,,,,
97,Jan,Bøhler,A,True,,,,,,,,,,,,,
53,Jette F.,Christensen,A,,,,,"Permittert fra stilling som administrasjonsmedarbeider
(50%) i Norsk Forfattersentrum",,,,,,,,,
31,Lise,Christoffersen,A,,"Styremedlem Strømsgodset Toppfotball (ulønnet)
Styremedlem i Viken idrettskrets (godtgjøring)
Styremedlem i Stiftelsen Guts (ulønnet)
Rådsmedlem i SOS-barnebyer (ulønnet)
Medlem Stortingets rettferdsverderlagsutvalg (godtgjøring)",,,"Permisjon uten lønn: Asplan Viak AS, Sandvika",,,,,,"Mottatt en flaske av Drammen kommunes jubileumscognac 2011 som medlem av jury for å bestemme dens navn.
Cognac og navnekonkurranse et samarbeid mellom Larsen Cognac, Trond B. Olsen, Byavisa Drammen og Radio Metro.",,,
75,Margunn,Ebbesen,H,,"Narvik Havn KF. Vervet er lønnet med en årlig godtgjørelse.
Stiftelsen Vegaøyan Verdensarv. Ulønnet styremedlem.",,,,,,,,,,,,
104,Espen Barth,Eide,A,,"Styremedlem (vice-chair), Centre for Humanitarian Dialogue, Genève (ulønnet verv).
Co-chair, Council on the Future of International Security,
World Economic Forum, Genève (ulønnet verv).
Styremedlem, Stockholm International Peace Research
Institute (SIPRI, Stockholm) (møtehonorar).
Senior Adviser, Centre for Strategic and International
Affairs (CSIS), Washington D.C. (ulønnet verv).
Medlem av European Leadership Network, London
(ulønnet verv).
Felles for de internasjonale vervene nevnt over er at reise
og opphold normalt dekkes ifb. med styremøter o.l.","Honorert foredrag for Luftkrigsskolen i Trondheim, våren 2018.
Honorert foredrag for Luftkrigsskolen i Trondheim, våren 2019",,,,,,"Jeg eier fra tidligere et enkeltmannsforetak, Espen Barth
Eide Analyse, men det er ikke og har heller ikke vært
noen aktivitet der siden 2005.","Ingen med tilknytning som vervet som representant.
Enkelte reiser dekkes for styremøter og lignende i organisasjoner som er oppført under verv.",,,,
105,Petter,Eide,SV,,,"Enkeltpersonsforetak org nummer 996643182
omsetning så langt i 2017, ca 300 000,Ikke aktivt etter at jeg ble stortingsrepresentant.",,,,,,,,,,,
54,Torill,Eidsheim,H,,"Modalen Næringsbygg - lønnet med styrehonorar,
Sunnhordland lufthamn - permisjon,
Voss og omland bompengeselskap as - permisjon,
Norvegfinans - permisjon",Skram media,,,,,,Skram Media as,,,,,
24,Hårek,Elvenes,H,,,"Enkeltmannsforetak: Hårek Elvenes Bedriftsrådgivning.
Sovende selskap. Ingen aktivitet og inntekter siden 2007.",,Permisjon uten lønn fra Forsvarsbygg.,,,,"Aksjer i :
Equinor, Aker ASA, Frontline
Alle: Eierandel mindre enn 1 %",,,,,
69,Marianne Synnes,Emblemsvåg,H,,"Styremedlem i Brisk Kompetansesenter AS, lønnet verv
Styremedlem Olympic Subsea ASA, lønnet verv",,,Ulønnet permisjon ved NTNU,,,,,,,,,
34,Jon,Engen-Helgheim,FrP,,"Bystyremedlem Drammen Kommune, lønnet
Gruppeleder for FrP i Drammen Kommune, lønnet
Formannskapsmedlem Drammen Kommune, lønnet
Leder av bystyrekomitee for Helse sosial og omsorg,
lønnet
Leder av Drammen FrP, lønnet.","Er innehvaver av et enkeltmannsforetak som har vært
uvirksomt i mange år.",,"lønn utbetalt til og med oktober 2017. Skal i tillegg gjøres opp et lån fra Accept Servicepartner AS til meg på 50
000,- Avventer svar fra revisor på fremgangsmåte.",,,,"Eier aksjer i følgende selskap:
Aker Solutions ASA, 180 stk.
Frontline LTD, 18 stk.
Grieg Seafood ASA, 100 stk.
Norwegian Energy Company ASA, 15 stk.",,,,,
61,Liv Kari,Eskeland,H,,"Styreleder Klp (fram til neste val, mai 2018) Mottek honorar
Styreleder Paladio AS, ikkje honorar
Styremedlem Språkrådet (avventer avklaring KUD) Mottek honorar
Styremedlem Kulturskulerådet, (avventer avklaring)
mottek honorar
Styremedlem Bremnes Fryseri (avventer avklaring),
Mottek honorar
Styreleiar/DL L.K.Eskeland AS. L.K.Eskeland AS eig
45% i Paladio som vidare eig andre selskap
Styremedlem Sethaugen AS, ikkje honorar
Varamedlem Sentech AS, ikkje honorar
Har trukket meg som styreleiar i Salmon Group, og møter ikkje ut denne perioden. Av praktiske årsaker vert
dette endra ifm generalforsamling 08.05.18
Kommunestyre og Formannskapsmedlem Stord kommune","L.K. Eskeland AS, ingen aktive oppdrag",,Avslutta arbeidsforhold med tidligere arbeidsgjevar,,,,"L.K.Eskeland AS, 100% eigar
Paladio AS, 45% Eigar (Gjennom L.K.Eskeland AS,
saman med Halleraker AS 55% eigar)
Paladio AS eig i følgjande selskap:
- Sethaugen AS - 50% eigar
- Sentech Holding - 57,26% eigar
- Rimsvarde 30,25% eigar
- Skrog Eigedom 11% eigar
- Totland Utvikling 24,81% eigar
-Euler Ceramic Systems as, 16,9% eiger",,,,,
82,Mona,Fagerås,SV,True,,,,,,,,,,,,,
88,Bengt,Fasteraune,Sp,,"Styreleder Rondane Dovre Nasjonalparkstyre (møtegodtgjørelse)
Styreleder Dovrefjell/Sunndalsfjella Nasjonalparkstyre
(møtegodtgjørelse)
Styremedlem Norsk villreinssenter (møtegodtgjørelse)
Kommunestyremedlem Dovre kommune (møtegodtgjørelse)
Leder Oppland Senterparti (godtgjørelse)",,,Permisjon uten lønn fra Forsvaret,"Ansatt i Forsvaret, i tiden som stortingsrepresentant har
jeg permisjon uten lønn.",,,,,,,,
79,Jonny,Finstad,H,,"Lofotbyraaet A/S, Styreleder. Ulønnet/ikke aktivt selskap
Styreleder Lofoten Matpark AS. Styregodtgjørelse
Styreleder Vestvågøy Asvo A/S. Styregodtgjørelse
Styreleder Leknes Fotballklubb.Ulønnet
Leder Nordland Høyre.Styregodtgjørelse",Eier av Lofotbyraaet A/S. Selskapet er/har ikke vært aktivt.,Se punkt 2,,,,,"Lofotbyraaet A/S, 100% eierandel.",,,,,
70,Knut Magne,Flølo,FrP,,,,,,,,,,,,,,True
5,Ingunn,Foss,H,,"Lønnet verv som leder av Representantskapet i KLP.
Går ut av dette vervet på Generalforsamlingen i selskapet
i mai 2014.",,,,,,,,,,,,
52,Peter,Frølich,H,,Styremedlem i Fronted AS (ikke honorert),"Grunnlegger og medeier i techselskapet Fronted AS (om
lag 35 pst. av aksjene, samt mindre konvertibelt lån).","Kontrakt med Univ.forlaget inngått 22.4.15 om å skrive
lærebok i kontraktsrett. Royalty av salg: 13 pst.",,,,,"Aksjer i:
Anthope AS, som jeg eier 33 pst. av (B-aksjer uten
stemmerett på generalforsamling), som eier aksjer i følgende selskaper: Norsk Hydro ASA, Yara International
ASA og Statoil ASA.
Grunnlegger / medeier i teknologiselskapet Fronted AS,
ca. 35 pst. av aksjene (samt et mindre konvertibelt lån)
- Selskapet har fått støtte fra Innovasjon Norge.
Funcom NV (tilsvarer ASA i Nederland)
REC Solar ASA Antall: 627976
Fond:
DnB Teknologi
DnB Norge Indeks
Holberg Rurik
KLP AksjeFremvoksende Markeder Indeks II
KLP Aksje Verden Indeks
Odin Energi C
Skagen Kon-Tiki A
Andre finansielle plasseringer:
Bondora (Estland-basert plattform for utstedelse av mikrolån uten eget bankledd)",,"Mottar årlig:
""VIP BIFF-kort"" - fri adgang til alle filmer på Bergen
Internasjonale Filmfestival (ukjent verdi).",,,
138,Torgeir Knag,Fylkesnes,SV,,,,,Avtale Med Teknologirådet om ulønnet permisjon ut perioden fra 1. oktober 2013.,,,,Har en liten aksjepost i selskapet ArcGiraff - et teknologi- og reklameselskap med hovedkontor i Vadsø.,,,,,
35,Masud,Gharahkhani,A,,Styremedlem Drammen havn(styrehonorar),,,,,,,Orkla ASA (Eierandel:mindre enn 1%),,,,,
144,Trond,Giske,A,,"Styreleder i AØF, driftsorganisasjonen for Folkets Hus i
Trondheim. Honoreres pr styremøte.",,,,,,,,,,,,
21,Sigbjørn,Gjelsvik,Sp,,,,"Norske Landbrukstenester Sunnfjord - oppdrag som avløser/omstilling av gårsdrifta ifm min fars dødsfall. Inntekt i 2018 (timebasis): 40.355 (i tillegg utbetalt feriepenger i 2019 - ingen forventede inntekter i 2019 utover
dette).",,,,,"1. Klassekampen, org.nr. 925.350.605, ant aksjer: 2,
2. Industriholding Norge AS, 6097 aksjer",,,,,
141,Arild,Grande,A,True,,,,,,,,,,,,,
148,Heidi,Greni,Sp,,"Kommunestyremedlem i Holtålen kommune (ingen
godtgjørelse)",,,Permisjon uten lønn fra Coop Oppdal,,,,"Aksjer i Haltdalen Sparebank, Holtålen kommune (eierandel mindre enn 1%)",,,,,
160,Carl-Erik,Grimstad,V,,"Permisjon fra vervet som varaordfører i Tjøme kommune, fra 1.1.2018 1. vararepresentant for Venstre i Færder
kommunestyre (møtehonorar)Politisk nestleder Vestfold
Venstre, ulønnet.","Eneaksjonær i selskapet Public Step AS orgnr.
976701763MVA, omsetning de siste tre årene gj.snittlig
500.000 knyttet til min kones virksomhet. Fra 1.1.2018
forventes liten eller ingen aktivitet i selskapet.",,"Permisjon uten lønn fra stilling som førsteamanuensis
ved Høyskolen Kristiania.",,,,"100% av aksjene i selskapet Public Step AS, orgnr.
976701763MVA (reklame/informasjon), omsetning de
siste årene ca. 500.000 (stort sett knyttet til min kones
virksomhet). Fra 1.1.2018 forventes minimal omsetning",,,,,
62,Ruth,Grung,A,,"FiskeriForum Vest, styreleder, ikke lønnet - 201101.06.2016.
Carte Blanche, dansekompani, styremedlem, lønnet 2012.
Anleggsutvalget for Norsk Håndballforbund region Vest,
medlem, ikke lønnet - 2013.
Representantskapet Kirkens Bymisjon Bergen, ikke lønnet - 2014-2016.
Programrådet for NRK Hordaland og Sogn og Fjordane,
vara, lønnet - 2011-2015.
Folkets Hus AS, vara - 2012-2015 - ikke møtt. Styret
Hordaland Idrettskrets, nestleder, ikke lønnet - 20142016.
styremedlen AV og TIL 2016 - honorar",,,Permisjon fra NAV Hordaland,,,,,,,,,
9,Hans Fredrik,Grøvan,KrF,,Parlamentarisk leder i Kristelig Folkeparti (godtgjørelse),,,,,,,,,,,,
134,Kent,Gudmundsen,H,,,Passiv medeier i Ferieguiden ANS,,,,,,,,,,,
18,Himanshu,Gulati,FrP,,"Styreleder i My Nordic Travel AS (ikke-lønnet styreverv).
Nestleder i styret i Watec Solutions AS (ikke-lønnet styreverv).
Styreleder i Alternative Development Organisation (ikke-lønnet styreverv).
Styremedlem i stiftelsen India Center (ikke-lønnet styreverv).
Ingen av styrevervene er lønnet, men jeg får dekket reisekostnader på reiser som skjer i.f.m arbeid i styrene.",,,,,,Jeg eier 4 utleieleiligheter i Oslo kommune.,"Jeg eier 100 % av aksjene i Shizzle AS.
Jeg eier 50 % av aksjene i My Nordic Travel AS.
Jeg eier 5 % av aksjene i Watec Solutions AS.","Jeg ble i januar 2019 tildelt æresprisen ""Pravasi Bharatiya Samman Award"" (diasporaprisen) av presidenten i
India. Den indiske regjeringen dekket flybillett og hotell
ifm. mottakelse av prisen.",,,,
153,Jon,Gunnes,V,,"Styremedlem i Foreningen Norden, ingen godtgjøring.",,,,,,,28 aksjer i Moelven Industrier ASA.,,,,,
86,Tore,Hagebakken,A,,"Styremedlem i Oplandske Dampskibsselskap AS
(Skibladner) - (godtgjørelse).",,,,,,,,,,,,
116,Margret,Hagerup,H,,"Medlem av generalforsamlingen i Sparebankstiftelsen
Time og Hå. Lønnet.",,,,,,,,,,,,
120,Terje,Halleland,FrP,,"Styreleder, Domizil AS (ikke lønnet)
Styremedlem Berge Sag Gruppen AS",,Se punkt 2,,,,,"Domizil AS (100 prosent)
3500 aksjer Axactor
500 aksjer Norsk Hydro
134 aksjer Orkla",,,,,
151,Lars,Haltbrekken,SV,,,Har et enkeltmannsforetak som ikke er aktivt.,,Har pensjonsrettigheter fra tiden jeg var leder i Naturvernforbundet,,,,10 aksjer i Klima2020,,"Jeg fikk sommeren 2018 festivalpass til Pstereofestivalen
i Trondheim. Verdien av festivalpasset var 1949 kroner.
Men skulle jeg kjøpt det selv ville det kommet en billettavgift på 60 kr i tillegg. Dermed kan det sies at gaven er
verdt 2009 kroner. Festivalpasset ble gitt av Pstereofestivalen.",,,
146,Eva Kristin,Hansen,A,,Styremedlem Midtnorsk Jazzsenter (godtgjørelse),,,,,,,,,,,,
166,Svein Roald,Hansen,A,,2. varamedlem til kontrollutvalget i Fredrikstad kommune fra høsten 2019 (møtegodtgjørelse),,,,,,,,,,,,
121,Øystein Langholm,Hansen,A,,"Stiftelsen Rogalandsforskning, nestleder (lønnet)
Stiftelsen Rogaland kurs- og konferansesenter RKK
(lønnet)",,,,,,,,,,,,
1,Svein,Harberg,H,,"Styremedlem Centre for Coastal Research - ikke lønnet
Parlamentarisk nestleder Høyres stortingsgruppe - godtgjørelse",,,,,,,,,,,,
60,Knut Arild,Hareide,KrF,,Styremedlem Plan (ulønnet),,,"Permisjon fra stilling som direktør for lederutvikling i
Schibsted ASA",,,,,"1.- 4. november 2010 - reise til Israel og de palestinske
områdene. Betalt av Kirkens nødhjelp",iPad uten 3G mottatt 30.05.2011 fra Kristent ledernettverk i Stavanger v/Terje Rott.,,,
41,Marianne,Haukland,H,,"Verdensarvsenteret for bergkunst - Alta museum
representantskapet.Møtegodtgjørelse
Fylkestinget i Finnmark
representant (H).Møtegodtgjørelse
Gruppeleder Kommunestyret i Alta
Herunder: Formannskapet, planutvalget, økonomiutvalget.Møtegodtgjørelse
Årlig godtgjørelse månedlige godtgjørelser 12 pst. stilling
- Permisjon overnevnte verv fra 1. oktober 2017.",,"Forvaltningsrevisor 100 %.
Vest-Finnmark kommunerevisjon IKS - Vefik IKS
Permisjon fra 1. oktober 2017",,,,,,,,,,
102,Stefan,Heggelund,H,True,,,,,,,,,,,,,
124,Ingrid,Heggø,A,True,,,,,,,,,,,,,
108,Astrid Nøklebye,Heiberg,H,True,,,,,,,,,,,,,
145,Linda C. Hofstad,Helleland,H,,"Styremedlem i Norsk Krisesenterforbund (møtegodtgjørelse)
Visepresident i WADA (ulønnet)",,,,,,,,,,,,
29,Trond,Helleland,H,,Parlamentarisk leder i Høyres stortingsgruppe (godtgjørelse),,,,,,,,,Sølvskål fra Høyre i anledning 50-årsdag 2012,,,
6,Kari,Henriksen,A,,Styremedlem i Hjernerådet fra våren 2017.,,,Har permisjon uten lønn fra Sørlandet Sykehus HF,,,,"DNB ASA. Eierandel: under 1%
Fred Olsen Energy ASA. Eierandel: under 1%
Storebrand ASA. Eierandel: under 1%",,"Mottok et armbåndsur merke a.b.art fra OSCE i Geneve,
2. oktober 2014.
Gave fra Stortingsgruppa i forbindelse med min 60 års
dag 2015
Medaljong fra Mongolia i forb med OSCE s sommermøte 2017",,,
137,Martin,Henriksen,A,,Styremedlem Utøya AS (ulønnet),,,,,,,Polaris Media ASA.,,,,,
56,Silje,Hjemdal,FrP,,,,,,,,,,"EPF studietur til Manila Filippinene
2-11 august 2019. Invitert og betalt av European Parliamentary Forum for Sexual & Reproductive Rights.",,,,
129,Bård,Hoksrud,FrP,,"Har fra og med 31. august 2018 søkt permisjon fra folkevalgte verv i Bamle kommune og Telemark fylkeskommune. Har gjennopptatt vervene etter at jeg gikk av som
statsråd den 22.01.2019
Medlem kommunestyret i Bamble kommune 20192023(møtegodtgjørelse).
Leder Kontrollutvalget i Bamble 2019-2023 (ledergodtgjørelse).
Medlem Fylkestinget i Telemark 2015-2019 (møtegodtgjørelse).
Medlem av samferdselsutvalget i Telemark FK 20152019 (møtegodtgjørelse).
Parlamentarisk 1. Nestleder Fremskrittspartiets stortingsgruppe (lønn)
Medlem KS Fylkesmøte for Bamble kommune. (Møtegodtgjørelse)",Hoksrud Consulting,Deltakelse 4-stjerners middag (Honorar) (2016),Permisjon fra stilling i Fremskrittspartiets Hovedorganisasjon,,,,,"11-16 september 2010 - studiereise til Taiwan. Reise og
opphold betalt av taiwanske myndigheter
17-19 april 2011- deltok på Telecruiset 2012 på Kiel fergen. Arrangørene dekket deltakeravgiften.
11-12 november 2011 - foredrag for VG Nett i Budapest,
Ungarn, som dekket reise og opphold og betalte honorar.","Samlegjenstander av div. pins, medaljer og klokker.
Mottatt deler av samlingen som gave. Verdi av hele samlingen ca. 5 000 kroner.
Åpnet kunstutstillingen til Thore Sveberg den 23. juni
2019, mottatt et lite malt bilde som takk for hjelpen.
Verdi ukjent.
Mottatt sett med treningstøy fra stiftelsen Aktiv mot
kreft(nov-2019).",,,
111,Solveig,Horne,FrP,,,,Fra juni 2019 2. nestleder i Fremskrittspartiets stortingsgruppe. Godtgjørelse/lønn,,,,,"1250 aksjer i DNO ASA. (Eierandel: mindre enn 1 prosent)
8 aksjer i Marine Harvest (Eierandel: mindre enn 1 prosent)
300 aksjer i Rec Silicon (Eierandel: mindre enn 1 prosent)","11. - 16. september 2010 - studiereise til Taiwan. Reise
og opphold betalt av taiwanske myndigheter.","Et par fjellsko merke La Sportiva fra Den Norske Turistforening ifbm. arrangementet Til Topps i juni 2015
Utstyr fra Norges Idrettsforbund. Verdi kr 3 000,- (Januar 2018)",,,
12,Anniken,Huitfeldt,A,,Medlem av sentralstyret i Arbeiderpartiet,,,Permisjon fra stilling som forsker ved forskningsstiftelsen FAFO,,,,,,"Jakke, gitt i gave fra Dale of Norway. Verdi 2500.
Deltakelse i 4 stjernes middag på TV Norge. Honorar
10.000 minus skatt. Gitt til Utøyafondet.
Deltagelse i ""Jaget"" på TV2. Honorar 10.000 minus
skatt. Gitt til Utøyafondet.",,,
40,Geir Adelsten,Iversen,Sp,,"Leder Sørøy Havfiskeklubb ikke lønnet
Styremedlem Vefik ikke lønnet. Godtgjørelse.
Kommunestyrerepresentant i Hasvik kommune. Godtgjørelse.",,,Har permisjon fra stilling som lærer ved Hasvik skole.,,,,,,"Mottatt maleri fra Mona Rydningen(Galleri C). Dato:
24.10. 2018.",,,
14,Nils Aage,Jegstad,H,,"Ungt Entreprenørskap Oslo og Akershus
Styremedlem
ulønnet",,,,,,,"Aksjer i Stolt-Nielsen Ltd
Storebrand ASA
Frontline",,,,,
66,Jan Steinar Engeli,Johansen,FrP,,"Medlem av Formannskapet i Averøy Kommune, Godtgjørelse
Medlem av Kommunestyret i Averøy, Godtgjørelse
Styreleder SG Metallteknikk AS, ulønnet
Styreleder Norgesbeslag AS, ulønnet
Styreleder Unika AS, Godtgjørelse
Styreleder Zebra Graphic AS, ulønnet
Nestleder Atlanterhavstunnelen AS, Godtgjørelse",,,,,,"Produksjonslokaler i Næringsveien 40, Røsand industriområde, 6530 Averøy","SG Metallteknikk AS (30%)
Norgesbeslag AS (50%)
Zebra Graphic AS (50%)",,,,,
87,Morten Ørsal,Johansen,FrP,,,"Småbruker. Hest, geit, høns, kaniner, påfugler og hunder.",,,,,,,,,,,
32,Kristin Ørmen,Johnsen,H,,"Styremedlem i Strømsgodset toppfotball. Vervet er ulønnet, får to sesongkort til hjemmekampene.",,,Permisjon fra Høgskolen i Buskerud. Ingen lønnsutbetalinger fra tidligere arbeidsgiver. Pensjon fra Statens Pensjonskasse.,"Avtale om gjeninntreden i Høgskolen i Sørøst-Norge i
lederstilling på nivå en eller to, ikke spesifisert dette yteligere.",,,,,,,,
46,Tor André,Johnsen,FrP,,,,,,,,,"Aksjer i Global Infrastruktur AS, Danefjellveien 1 og i
US Opportunities
Aksjer i Brumunddal Næringsbygg og Hafjell Helse- og
Handelsbygg",,,,,
98,Mudassar,Kapur,H,,,,,Permisjon fra SOS-Barnebyer Norge,,,,,,,,,
95,Kari Elisabeth,Kaski,SV,True,,,,,,,,,,,,,
103,Mazyar,Keshvari,Uav,True,,,,,,,,,,,,,
89,Ketil,Kjenseth,V,,"Kommunestyremedlem i Gjøvik (godtgjøring pr. møte)
Leder i Gjøvik Frivilligsentral (årlig honorar)
Leder av avviklingsstyret for Stiftelsen Øverby Helsesportsenter (ulønnet)
Styremedlem i Øvre Bråstad Velforening (ulønnet)",,,"Permisjon uten lønn eller andre godtgjørelse fra stilling i
Norsk Vann fram til 1. januar 2018.",,,,,,,,,
139,Ingvild,Kjerkol,A,True,,,,,,,,,,,,,
25,Kari Kjønaas,Kjos,FrP,,Medlem kommunestyret i Lørenskog (godtgjørelse),,Medlem av Stortingets Billighetserstatningsutvalg (godtgjørelse),,,,,,"Deltok på reise til Filippinene 3. - 11. nov. 2007. Reise
og opphold betalt av European Parliamentary Forum on
population and development (EPF).",,,,
68,Jenny,Klinge,Sp,,Leiar i forstandarskapet Surnadal Sparebank(godtgjering),Sporadisk sal av eigne måleri.,,,,,,,,,,,
58,Eigil,Knutsen,A,,"Varastyremedlem i Bergenhus Arbeiderparti, ikke godtgjørelse.",,,,,,,,,,,,
28,Martin,Kolberg,A,True,,,,,,,,,,,,,
20,Turid,Kristensen,H,,,,,"Permisjon fra stilling som program- og ph.d.-konsulent
ved Institutt for musikkvitenskap, Universitetet i Oslo, i
perioden 01.10.17-30.09.21",,,,,,,,,
159,Erlend,Larsen,H,,"Styreleder AS Raadhuset - ulønnet
Styremedlem stiftelsen Sti for øye - ulønnet
Styremedlem Oslofjordens friluftsråd - ulønnet","AS Raadhuset - rådgivning, eneeier
E-forlag - forlag, eneeier","AS Raadhuset, rådgiver (sovende firma)
E-forlag, forlag (aktivt, utgir egne og andres bøker)",,,,,"AS Raadhuset, 100 pst.
E-forlag, 100 pst.",,,,,
161,Stein Erik,Lauvås,A,,"Varamedlem Styret Momarken toto/Momarken travbane
(ulønnet)
Leder Østfold Arbeiderparti (ulønnet )
Varamedlem styret Marker AP (ulønnet )",,Se punkt 2,Ulønnet permisjon fra Handel og Kontor Norge,,,,,,,,,
163,Ulf,Leirstein,Uav,,"Medlem Moss bystyre (godtgjørelse pr. møte).
Medlem Moss Havn KF (godtgjørelse).
Styreleder Storesand feriekoloni (årsgodtgjørelse).","Registrert enkeltpersonsforetaket Rådgivningstjenester
Ulf Leirstein den 9. oktober 2019. Org nr 923580190.
Rådgiving, foredrag, konsulent innen ledelse, politisk
virksomhet, forvaltning og organisasjon. Ingen aktivitet
pr. dato.",,,,,,"Aksjer A/S Momarken Travbane (Eierandel: mindre enn
1%)
Aksjer Global Skipsholdning 2 AS (Eierandel: mindre
enn 1 %)
Aksjer Skandiabanken ASA (Eierandel: mindre enn 1%)
Aksjer SAS AB (Eierandel: mindre enn 1 %)
Aksjer Norwegian Air Shuttle ASA (Eierandel: mindre
enn 1%)",,,,,
152,Kirsti,Leirtrø,A,,"Styreleder Stiftelsen Kystmuseet, Hitra",,,,,,,,,,,,
122,Solfrid,Lerbrekk,SV,,Medlem av yrkesopplæringsnemnda i Rogaland fylkeskommune frem til LO Rogaland har fått ny ungdomssekretær. Vararepresentant møter for meg frem til da.,"Jeg eier av et mindre skogbruk/småbruk i Vennesla
kommune.",,,,,,,,,,,
118,Hege Haukeland,Liadal,A,True,,,,,,,,,,,,,
13,Hans Andreas,Limi,FrP,,"Medlem kommunestyret i Bærum med møtegodtgjørelse.
Styremedlem CAN i Altea, rehabiliteringssenter som eies
av Bærum kommune. Styrehonorar.
Styremedlem og daglig leder i Limi & Limi AS, eget
konsulentselskap.","Limi & Limi AS, konsulentselskap innen eiendomsutvikling og detaljhandel. Største oppdragsgiver i 2012 og
2013 har vært ICA Eiendom Norge AS. Selskapet legges
passivt fom regnskapsåret 2014.",,,,,,Limi & Limi AS,,,,,
4,Jorunn Gleditsch,Lossius,KrF,,"Leder av representantskapet i LiBiR IKS - møtegodtgjørelse
Leder i KUAS - Kokkenes utvikling AS - sovende selskap, ikke mottatt honorar eller møtegodtgjørelse",,,,,,,,,,,,
93,Heidi Nordby,Lunde,H,,"Styremedlem, Sex og Politikk, ulønnet.
Styremedlem, Stiftelsen Liberalt Forskningsinstitutt (LIFO), ulønnet.
Styremedlem, Oslo Pride, ulønnet.","Har registrert enkeltpersonsforetak, med omsetning i dag
på underkant av 20 000 i året. Hovedsakelig foredrag og
konferansier-oppdrag. Ikke hatt oppdrag fra samme oppdragsgiver på mer enn 50 000 kr innenfor et kalenderår.",,,,,,,"Reise organisert av Kirkens Nødhjelp, og betalt av deres
danske søsterorganisasjon med prosjektmidler fra EU Israel/Palestina - med parlamentarikere fra Norge, Sverige, Danmark. Møter med organisasjoner og myndigheter
i området. Reisens varighet fra mandag 20. juni - lørdag
25. juni 2016.
Reise organisert og betalt av Sex og Politikk til Malawi
med møter med organisasjoner og myndigheter i tidsrommet 11. september - 16. september 2016.
Reise organisert og betalt av Sex og Politikk til Finland,
som styremedlem i organisasjonen i 28. september - 1.
oktober 2017.",,,,
33,Per Olaf,Lundteigen,Sp,,Styremedlem Vestfossen Innkjøpslag AS (mottar godtgjørelse),Gardbruker,,,,,"Gardsbruk i Øvre Eiker kommune og seter i Rollag
kommune. Eneeie.",Vestfossen Innkjøpslag AS,,,,,
78,Åsunn,Lyngedal,A,,"Bompengeselskap Nord AS, styremedlem. Lønnet",,,,,,,,,,,,
57,Audun,Lysbakken,SV,,Leder i Sosialistisk Venstreparti (ulønnet),,,,,,,"7 aksjer i avisen Klassekampen.
1 medlemsandel à kr 5 000 i foreldredrevet barnehage
(samvirkeforetak).",,"Litografi ""Agitatoren"" av Steinar Hansen - fra LO SørTrøndelag på Tranmælkonferansen 15.6.13",,,
149,Mari Holm,Lønseth,H,,"Bystyrerepresentant, Trondheim kommune",,,"Permisjon fra stilling som advokatfullmektig i Advokatfirmaet Steenstrup Stordrange DA. Ingen avtaler om
fortsatt lønnsutbetalinger, opprettholdelse av velferdsfordeler, pensjonsrettigheter eller lignende.",,"Utbytte fra Lønseth Eiendom AS.
Godtgjørelse fra Trondheim kommune.",,"Aksjonær i Lønseth Eiendom AS, (Eierandel: mindre enn
1 %)",,,,,
154,Kårstein Eidem,Løvaas,H,,,"Registrert enkeltmannsforetak ""Kårstein Eidem Løvaas"".
Rådgivning innenfor media/krisehåndtering og kommunikasjonsstrategi. Ingen virksomhet pr dd.",,,,,,300 aksjer i Aqua Biotechnology (ABT),,,,,
92,Marianne,Marthinsen,A,,,,"Fast spaltist i Klassekampen, lønnet",,,,,,,,,,
27,Bente Stein,Mathisen,H,True,,,,,,,,,,,,,
47,Emilie Enger,Mehl,Sp,,"Fylkestingsrepresentant, Hedmark Fylkeskommune (honorert, søker fritak fra 15. nov)",,"Advokatfullmektig, Advokatfirmaet Elden DA (i permisjon)","Advokatfullmektig, Advokatfirmaet Elden DA - i ulønnet permisjon",,,,,,,,,
96,Guri,Melby,V,,"Bystyremedlem i Oslo fra 21/10-15
Nestleder i samferdsels- og miljøkomiteen i Oslo bystyre
(lønnet)
Vara til styret i CICERO fra 1/1-16",,,,,,,,,,,,
125,Frida,Melvær,H,,,,,Permisjon frå stilling som lærar ved Askvoll skule/Askvoll kommune,Tillsett som lærar i Askvoll kommune -permisjon frå stillinga,,,,,,,,
26,Tuva,Moflag,A,,,,,,,,,Telenor ASA (Eierandel: mindre enn 1 %).,,,,,
80,Siv,Mossleth,Sp,True,,,,,,,,,,,,,
99,Bjørnar,Moxnes,R,,Leder i Rødt. Ikke lenger lønnet.,,,,,,,Klassekampen A/S. Eier 1 aksje,,,,,
167,Ole André,Myhrvold,Sp,,,,,Permisjon uten lønn og rettigheter fra Coop Norge SA,,,,,,,,,
15,Sverre,Myrli,A,,"Styremedlem i Akershus interkommunale pensjonskasse
(fast årlig godtgjørelse og godtgjørelse pr møte samt ett
gratis avisabonnement).
Styremedlem i Nordmanns-Forbundet/Norwegians
Worldwide (ingen godtgjøring).
Styreleder i Den norsk-tyske Willy Brandt-stiftelsen
(ingen godtgjøring).
Styremedlem i Tennskjær Utvikling AS (ingen godtgjøring).",,,Permisjon uten lønn fra stilling som konsulent i Forsvarsbygg.,,,,,"Generalforsamling i Atlantic Treaty Association (ATA),
Tallin, Estland september 2005. Opphold betalt av Den
norske Atlanterhavskomité.
Konferanse i Beograd 16.-18. juni 2006. Hotellopphold
betalt av Atlantic Association of Young Political Leaders
(AAYPL).","Teppe mottatt som gave fra nasjonalforsamlingen i Aserbajdsjan på reise i regi av NATO's parlamentarikerforsamling i oktober 2006.
Deltok i paneldebatt på konferanse i regi av Norges Lastebileier-Forbund på Storefjell Resort Hotel 8.-10. november 2013. Opphold for meg og familien ble betalt av
arrangør.",,,
133,Cecilie,Myrseth,A,True,,,,,,,,,,,,,
2,Tellef Inge,Mørland,A,,"Styremedlem Regionalt forskningsfond Agder, godtgjørelse",,,"Permisjon fra Sparebanken Sør, ingen lønn og heller ikke
lån på ansattbetingelser, beholdt funksjonærkontostatus
på innskuddskonti.",Ingen utover permisjon fra tidligere arbeidsgiver Sparebanken Sør.,,Eier ikke næringseiendom.,"Orkla ASA 550 aksjer
Mowi ASA 500 aksjer",,,,,
123,Liv Signe,Navarsete,Sp,,"Nestleiar i styret for Woodinwest, eit selskap som arbeider for å bygge ei verdikjede for tømmer på Vestlandet
(ikkje godtgjersle)",,,,,,"Leilegheit 23/272/9 i sameiget Kringla 1 i Sogndal
kommune",,,,,,
59,Tom-Christer,Nilsen,H,,,,,,,,,,Stockholm 11-12/10-2018: Nordic Marine Think Tank,,,,
51,Helge André,Njåstad,FrP,,"Medlem av kommunestyret, formannskapet i Austevoll
kommune, godtgjørelse",Diverse kronikker i aviser,,,,,,"Aksjer i Austevoll Seafood AS. Eierandel: mindre enn
1%
Aksjer i DOF. Eierandel: mindre enn 1%
Aksjer i Grieg Seafood. Eierandel: mindre enn 1%
Aksjer i Bergen Group. Eierandel: mindre enn 1%
Aksjer i Kværner. Eierandel: mindre enn 1%
Aksjer i Salmar. Eierandel: mindre enn 1%
Aksjer i Every. Eierandel: mindre enn 1%
Aksjer i Norsk hydro. Eierandel: mindre enn 1%
Aksjer i Panoro Energy. Eierandel: mindre enn 1%
Aksjer i Sparebanken 1 SMN. Eierandel: mindre enn 1%
Aksjer i Questerre Energy Corporation. Eierandel: mindre enn 1%",,"Maleri av Marstein Fyr - Frå næringslivet i Austevoll v/
Magnus Stangeland - oktober 2013.
2 villsauskinn - John Inge Vik - oktober 2013.
Billetter Homecoming 1. oktober 2016",,,
67,Else-May,Norderhus,A,,Styremedlem i Actis (møtegodtgjørelse) fra januar 2013,,,4 års permisjon fra LO,,,,,"25.03.-27.03.2011 Reise Oslo/Spania betalt av Østensjø
Rederi AS i forbindelse med skipsdåp","Øredobber og smykke fra Hijos De J. Barreras, S.A,
gudmorgave ved skipsdåp 26.3.2011",,,
76,Willfred,Nordlund,Sp,,Kommunestyrerepresentant Sortland kommunestyre godtgjørelse etter møte og reglement,,Avløser hos Wenche Irene Kristiansen,,,,,,,,,,
36,Arne,Nævra,SV,,"Norsk Naturfilmforening, styremedlem (ikke lønnet)","Enkeltpersonforetak: Arne Nævra. Forventet omsetning
ca. 50 - 60.000,- pr år. for foredrag, salg av filmrettigheter, videobilder og stills innen naturfoto/film.",,,,,,"Naturbilder AS, daglig leder, styreleder og eneeier (selskapet legges ned innen utgangen av 2017)",,,,,
81,Dagfinn Henrik,Olsen,FrP,,"Styreleder Losen Eiendomsdrift A/S (ikke godtgjørelse)
Gruppeleder FrPs fylkestingsgruppe Nordland fylkeskommune (godtgjørelse)",,"Statslos, Kystverket (100 pst. stilling)",,,,"To eiendommer i Lødingen kommune som benyttes til
utleievirksomhet i Losen Eiendomsdrift A/S",50 pst. av aksjene i Losen Eiendomsdrift A/S,,,,,
39,Ingalill,Olsen,A,True,,,,,,,,,,,,,
65,Helge,Orten,H,,"989 134 361 Oshaug AS styremedlem (ikke honorar),
982 392 098 Oshaug Metall AS styremedlem (mottar
styrehonorar),
991 069 402 Bygg Kompetanse AS styreleder (mottar
styrehonorar),
919 005 521 Bygg Kompetanse Holding AS, styreleder
(ikke honorar)
999 289 568 Orten Invest AS styreleder og daglig leder
(eget selskap, ikke honorar), 998 599 865 Krabbevik AS
styreleder (50% eiet av Orten Invest AS, ikke honorar),
996 142 965 Attraktive Midsund styremedlem (ikke honorar).",,,,,,,"999 289 568 Orten Invest AS (eier 59,524% av selskapet
(endret januar 2014)),
998 599 865 Krabbevik AS (Orten Invest AS eier 50%
av aksjene),
996 142 965 Attraktive Midsund AS (Krabbevik AS eier
50% av aksjene),",,,,,
165,Tage,Pettersen,H,,"Leder av kontrollutvalget i Moss kommune, godtgjørelse.
President i Norges ishockeyforbund, ikke godtgjørelse.
Noen legatstyrer (uten godtgjøring) i kraft av å ha vært
ordfører i Moss - disse går nå over til ny ordfører, men
det kan ta noe tid før det er registrert.",T.Pettersens maritime konsulenttjenester (sovende personforetak).,,,,,,,,,,,
117,Geir,Pollestad,Sp,,"Medlem Time kommunestyre (honorar)
Leder kontrollutvalet Time kommune (honorar)",,,,,,,,,,,,
19,Abid Q.,Raja,V,,,"Har registrert forfatter/foredragsvirksomhet (org.nr.):
Honorert foredrag for CappelenDamm
Honorert oppdrag som stipendkomitemedlem NFF
Honorert for TV-serie for NRK
Honorar fra Fritt-Ord for debatt
Honorert foredrag Skedsmo kommune
Honorert for TV-program TVNorge over 50.000
Honorert foredrag for Confex
Honorert foredrag for Choice",,"Pensjonsrettigheter fra tidligere statlige stillinger som
nemndleder Utlendingsnemnda, politiadvokat og ambassadesekretær.",,"Stefanus-alliansen Norsk Helsingforskomite bistår med
hjelp i forbindelse med religionsfrihetsarbeidet jeg vært
engasjert i.",,,"Opphold i USA 3 uker i februar 2010 ifbm ""IVYProgramme"", sendt av den amerikanske ambassaden.
FORB - religionsfrihetskonferanse, Oxford, juni 2013 flybillett og opphold dekket av British Council gjennom
FORB, kostnader hjemme dekket av Venstre.
FORB-styremøte Washington, opphold 3 dager mars
2015 dekket som ovenfor, kostnader hjemme dekket av
Venstre.
FORB-styremøte London 2016 samt møte med House of
Lords, dekket av USCIRF, kostnader hjemme dekket av
Venstre.
Innledet konferanse i Taiwan om religionsfrihet 2016,
flybillett og hotell dekket, kostnader hjemme dekket av
Venstre.
Delegasjonsreise til Myanmar regi IPPFORB, besøk hos
tre dep i ny regjering og parlament, flyreise og hotell
dekket av USCIRF, kostnader hjemme dekket av Venstre.
Konferanse i Berlin regi IPPFORB, dekket av Helsingforskomiteen.","Diverse sportstøy merke ""Icepeak"" og ""Fjellreven"" fra
Friluftsforeningen i anledning ambassadøroppdrag for
Friluftslivets år 2015.
2015: Skiklær og staver i forbindelse med TV-program
med Bjørn Dæhlie.
2015: Skiklærpakke fra Aktiv mot kreft, som deres ambassadør i Birkebeinerrennet.
Sommer 2015 i forbindelse med sykkeltur LindesnesNordkapp: Tesla-lånebil i 4 uker, lån av 2 sykler/hjelm
fra Specialized, sykkelklær til låns fra ASAO - uten forpliktelse til bruk.
Energibarrer fra YT til medsyklist og meg selv, verdi 4
223 kr.
2015: Adidas sko, shorts, trøye fra P4 i anledning program om løpestunt /Oslo-halvmaraton.
2015: Champagne fra Se og Hør, gitt bort.
2015: Teaterbilletter Latter.
2015: Billetter Det nye norske teater.
2016: 2 billetter boksekamp Homecoming Spektrum.
2016: Teaterbilletter Latter.
2016: Nationaltheater billetter.",,,
73,Steinar,Reiten,KrF,,,,,"Avtale med Averøy kommune om ulønnet permisjon fra
min stilling som lærer hele inneværende stortingsperiode.","Avtalen som jeg har med Averøy kommune om ulønnet
permisjon gjør at jeg beholder opparbeidet kommunal
tjenesteansiennitet.",,,,,,,,
45,Kristian Tonning,Riise,H,True,,,,,,,,,,,,,
50,Magne,Rommetveit,A,True,,,,,,,,,,,,,
17,Nina,Sandberg,A,,Nestleder Akershus Arbeiderparti - ulønnet,,,,,,"Nordre Krange, sameie, Nesodden. En større og en mindre driftsbygning leies ut til næringsvirksomhet.",,,,,,
44,Nils Kristen,Sandtrøen,A,True,,,,,,,,,,,,,
7,Gisle Meininger,Saudland,FrP,,"Daglig leder Flekkefjord Utstyrshandel - ikke lønnet
Vara til styret i Flekkefjord Utstyrshandel - ikke lønnet",,,,,,,"Eier 100% av GMY, 964 495 769
Eier 80% av Flekkefjord utstyrshandel, 999 174 396
Eier 10% av 2Soler, 912 590 178",,,,,
162,Ingjerd,Schou,H,,"Styreleder Punkt Ø (Momentum og Galleri F 15) (godtgjørelse)
Styremedlem Lovisenberg Diakonale Høgskole fra juni
2013 (godtgjørelse)
Styreleder Delta gruppen as fra april 2014 (godtgjørelse)",Registrert enkeltmannsforetak høsten 2010,,,,,,,,,,,
131,Åslaug,Sem-Jacobsen,Sp,,"-Styremedlem i frivilligsentralen på Notodden - ulønnet
-Medlem av det folkevalgte utvalget for næring, miljø og
stedsutvikling på Notodden - møtegodgjørelse (foreløpig
- har søkt fritak)","Jeg eier en gård som heter Roe i Notodden kommune
hvor vi leier ut jorda men drifter skog selv, samt er med i
sameiget i fjelleiendommen Godviljån i Hjartdal kommune med 3 andre.",,"Jeg har 100% permisjon fra NRK P3, Oslo.
Ingen lønn eller honorarer derfra.",,,"- Jeg eier (eneier) gården Roe i Notodden kommune (Gn
26 Bn 1)
- Jeg er med i sameiget Godviljåen i Hjartdal kommune
(Kommunenummer 0827, Gn 21, Bn 7) Har 25% andel.
-Jeg eier en hybelleilighet i Parkveien 1, i Oslo kommune (kommunenummer 0301, Gn 214,Bn 241, seksjonsnummer 22) sammen med min mann Dagfinn SemJacobsen.","-Jeg har registtrert enkeltmannsforetaket Semsalabim
tidlig 2000-tallet. det har ligget brakk siden jeg ble fast
ansatt i NRK",,,,,
74,Eirik,Sivertsen,A,,Styremedlem Fine A/S (ulønnet),,,Permisjon fra Nord universitet til 01.11.2017,,,,Eier 49 % av Fine AS gjennom B-aksjer - investeringsselskap,,,,,
37,Runar,Sjåstad,A,,"Fylkesordfører i Finnmark, lønnet
Styremedlem Finnmarkseiendommen, lønnet verv
Medlem i repr.skapet i Barentssekretariatet, ulønnet
Har søkt fritak for samtlige verv og søknaden vil bli behandlet 25.oktober 2017.",,Se punkt 2,"Permisjon fra Norsk Arbeidsmandsforbund, ulønnet",,,,,,,,,
143,André N.,Skjelstad,V,,,"Gårdsbruk, jord og skogeiendom",,,,,"Gårdsbruk, jord og skogeiendom",,,,,,
113,Torstein Tvedt,Solberg,A,,,,"Øya Festivalen 2014 (engasjement)
Medieanalytiker Intermedium AS (avsluttet)",,,,,,"Reise til USA
International Visitor Leadership Program
Tema: “The Contemporary U.S. Economy: Financial
Markets, Trade,
and Economic Development” (7. feb-1.mar, 2015)
Opphold dekket av: U.S. Department of State","Gave av det sveitsiske parlamentet i forbindelse med
OSSE PA møte i Geneve høsten 2014 - klokke til ca.
verdi 3000,- NOK
Deltagelse 2 dager på Ungdom OL på Lillehammer 2016
dekket av Idrettsforbundet (overnatting og mat)",,,
72,Vetle Wang,Soleim,H,,"Styremedlem Ulli Holding AS (Org. nummer 923 073
825), ikke godtgjørelse.",,,,,,,"Vestsmøla Eiendom AS (Org. nummer 915 263 011),
aksjeselskap, 2 aksjer",,,,,
114,Roy,Steffensen,FrP,,,,,,,,,"Aksjebeholdning per 2.nov 2017:
100 % av aksjene i BataRoyes Invest AS",,,,,
112,Sveinung,Stensland,H,,Styremedlem i stiftelsen Haugesjøen (ikke godtgjørelse).,,,"Jeg er ansatt som, men har permisjon fra stilling som regionsjef i Apotek1 Norge AS. Ettersom jeg ikke mottar
lønn fra jeg ble stortingsrepresentant er jeg utmeldt av
permisjons- og forsikringsordninger.","Om jeg trer ut av Stortinget, har jeg rett på ny stilling
(med de betingelser jeg hadde før permisjonstiden) i
Apotek1 Norge AS.",,,"Jeg eier ingen verdipapirer utenom en fripolise, indeksfond og IPS","Jeg deltok som paneldeltaker på en konferanse i Stockhom i oktober 2019, denne ble arrangert av MSD og de
betalte flyreise og en natt på hotel
Jeg deltok på en studietur en uke i mars 2019 til Niger i
regi av friends og global fund, de dekket reise og opphold.",,,,
119,Aleksander,Stokkebø,H,,"Lønnet/godtgjort (men vil søke permisjon fra disse i tiden som stortingsrepresentant):
Folkevalgt i Stavanger kommune, bystyremedlem og
medlem av kommunalstyret for oppvekst.
Folkevalgt i Rogaland fylkeskommune, fylkestingsmedlem og medlem av opplæringsutvalget, vara til folkepulsen Rogaland, vara til årsmøte i KS.
Også i tiden som stortingsrepresentant: Styremedlem i
Vestavind brukerstyrt senter, region Vest.",,,,,,,"Enkeltaksjer i Equinor, Aker BP, Grieg Seafood, SalMar,
NEL, Norsk Hydro, EAM Solar, Scatec Solar.",,,,,
156,Morten,Stordalen,FrP,True,,,,,,,,,,,,,
126,Tore,Storehaug,KrF,True,,,,,,,,,,,,,
84,Marit Knutsdatter,Strand,Sp,,"Medlem av Kommunestyret i Øystre Slidre Kommune
2015-2019 (godtgjørelse ved møter
)
Styreleder for Senterpartiets Studieforbund 2018-2020
(godtgjørelse ved møter)
Medlem av Styret i Voksenopplæringsforbundet 20192021(godtgjørelse ved møter)
Styremedlem Vofo fra 29. mai 2019 (honorar pr. møte).",,"Timebasert Landbruksavløser, Valdres Avløsertjenester
AS",,,,,,,,,,
38,Bengt Rune,Strifeldt,FrP,,,,,,,,,,,,,,True
90,Jonas Gahr,Støre,A,,"Leder i Arbeiderpartiet (firmabilordning)
Parlamentarisk leder i Arbeiderpartiets stortingsgruppe
(lønn)
Styreleder i Femstø AS (ulønnet)
Styremedlem International Crisis Group (ulønnet)
Medlem i Ocean Unite Network (ulønnet)
Medlem av Samarbeidskomiteen LO-AP (ulønnet)
Leder SAMAK (ulønnet)
Medlem av EAT Advisory Board (ulønnet)","Inntekt fra bokutgivelse ""I bevegelse"", Cappelen Damm
2014",,,,,,"Femstø AS (76,23 pst. eierandel)
Aksje i Sauda Folkets Hus AS (1 aksje)","International Crisis Group (delvis dekning - hotellopphold, Paris 25.-27. april 2019, Berlin 13.-15. april 2018,
New York 20.-22. oktober 2017, Brussel 28. april-30.
april 2017 og Brussel 8.-10. april 2016)","2 billetter fotballkamp 09.08.2015 fra NOR AS
Madshus - Skipar (Redline Carbon Classic Cold)
08.12.16",,,
101,Siri Gåsemyr,Staalesen,A,True,,,,,,,,,,,,,
77,Hanne Dyveke,Søttar,FrP,True,,,,,,,,,,,,,
110,Hadia,Tajik,A,,"**Parlamentarisk nestleder i Arbeiderpartiet - mottar
godtgjørelse","**Enkeltmannsforetaket Tajik Media. Holder diverse
foredrag/skriver tekster.
**Honorar 2012 for tekster til digitalt læremiddelverk
om politikk og menneskerettigheter, Aschehoug forlag.
Honoraret er utbetalt direkte til organisasjonen Leger
uten grenser.
**Honorar 2012 for oppdrag i forbindelse med programposten ""Jul i P2"" på NRK P2, utbetalt direkte til menneskerettighetsorganisasjonen Norsk PEN.
**Honorar 2012 for trykking av tale ifm åpningen av
Språkåret i boken ""Nye vegar til nynorsk"", Cappelen
Damm. Utbetalt direkte til Amnesty International.
**Fra juni 2015: Honorar for gjestekommentarer i Aftenposten. kr 6000,- per artikkel. Deler av honoraret er
gitt til Care.
Avsluttet mars 2019
**19. november 2015: Honorar for tale ved SR-Bank sin
Årsmiddag. Honoraret er donert til Flyktninghjelpen.","** Kontrakt inngått 19. juni 2014 med tvproduksjonsselskapet Monkberry om å utvikle og spille
inn 3 episoder av nytt programkonsept som skal sendes
på NRK. Honorar overstiger 50.000 kr.",,,,,,"27.okt - 31.okt, 2017 - Reise til NewYork, dekket av
New York Review Conference/ Fritt Ord, populismekonferanse
Fly tur/retur: 10775 NOK
Hotell: 26 687 NOK (3281 USD)
Taxi fra flyplass til hotell: 618 NOK (76,11 USD)",8. juni: Middag og landskamp i fotball (Ullevål stadion) giver Bama (anslått verdi kr. 1500-2000),,,
91,Michael,Tetzschner,H,,"Styreleder Oslo Hospital- Stiftelse og A/S (godtgjørelse)
Styreverv Ullevaal Stadion Idrett A/S - Ullevaal Business Class AS- Ullevaal Stadion A/S (godtgjørelse)
Styremedlem FJ Stenersen A/S (ingen godtgjørelse)
Styremedlem NAI Fiat Partner (godtgjørelse)
Styreleder Digital Venture A/S (ingen godtgjørelse)
Medlem av Kong Olav Vs fond, Danmark. (ingen godtgjørelse)",Tetco Advokatfirma A/S,,,,,,Tetco Advokatfirma A/S,,,,,
85,Olemic,Thommessen,H,,"Styremedlem Gudbrandsdølen A/S (godtgjørelse)
Styremedlem Gudbrandsdølen Eiendom A/S (datterselskap av Gudbrandsdølen A/S) (Ingen godtgjørelse)
Styremedlem Overlege Knut Bergs fond (godtgjørelse)
Styremedlem Bjørnson Prodan Foundation (ingen godtgjørelse)",Personlig selskap Helikon - Olemic Thommessen,,,,,,"Gudbrandsdølen AS
Orkla ASA
DNB ASA
Statoil ASA
Storebrand ASA
DNO ASA
Norsk Hydro ASA
SPB 1 BV
Sandnes Sparebank
Photocure ASA
Edelson AS
Alle: Eierandel mindre enn 1 %",,"Ett sett av Islendingesagaene fra forlegger Johann Sigurdsson i Saga Forlag. Gitt i forbindelse med besøk på
Island - juli 2014",,,
55,Kjersti,Toppe,Sp,True,,,,,,,,,,,,,
115,Geir Sigbjørn,Toskedal,KrF,,"Leder Nord-Rogaland Symfoniorkester, ulønnet
Styremedlem Haugalandsmuseene AS, honorar pr møte
Styremedlem Storhall Karmøy AS, ulønnet
Styremedlem MUNOR AS, ulønnet","GST - Elevér eget foretak/konsulentvirksomhet. Lav
aktivitet fra jan.2019",Seniorkonsulent Oppvekst og kulturetat Karmøy kommune 10% stilling,"Seniorkonsulent Karmøy kommune, 10% fleksibel stilling, ordinær lønn
Lærer Karmøy Folkehøgskule, 10% stilling, årelang
permisjon uten lønn","Med 10% stilling nå har jeg 90% permisjon fra 100%
stilling som seniorkonsulent i Karmøy kommune, oppvekst og kulturetat. Dette startet 22.01.19 ved inntreden i
Stortinget som 1. vara ved ny regjering.","Karmøy kommune, seniorkonsulent ca 70.000 pr år",,,"Deltok privat og for egen regning ved 75-årsjubileet for
D-dagen i Normandie 2019, første uke i juni.
Reise til Israel og Vestbredden 5 dager sept. 2019 sammen med 7 andre i regi av ""Israels venner på Stortinget""
for å fremme handel, forskning og samarbeid. KrF Stortinget dekket mine kostnader.",,,,
49,Ove,Trellevik,H,,,,,"Har ulønnet permisjon fra BKK AS. Midlertidig utmeldt
av pensjonskasse så lenge permisjonen varer.",,,,,,,,,
42,Anette,Trettebergstuen,A,,"Sentralstyremedlem Europabevegelsen (ulønnet)
Rådsmedlem Likestillingssenteret Hedmark (ulønnet)
Styremedlem i magasinet Blikk (ulønnet)","Registrert enkeltmannsforetak DJ virksomhet
Honorar fra TVNorge for deltakelse i TV-programmet ""4
Stjerners middag"" høsten 2012",,,,,,,"Reise med AOF til Manila, Filippinene november 2005
for å se på samarbeid med fagorganisasjoner der
April 2009 - reise til Taiwan betalt av taiwanske myndigheter
Juni 2012 - møteprogram i Paris arrangert av det franske
utenriksdepartementet, som dekket hotellovernatting.
Øvrig opphold og reise ble dekket av Arbeiderpartiet.",,,,
11,Tone Wilhelmsen,Trøen,H,,,,,,,,,Aksje i Raumnes AS (Eierandel: mindre enn 1 %),,,,,
94,Christian,Tybring-Gjedde,FrP,True,,,,,,,,,,,,,
106,Mathilde,Tybring-Gjedde,H,,,,,,,,,,,,,,True
43,Trygve Slagsvold,Vedum,Sp,,Leder av Senterpartiet (godtgjørelse),"Gårdbruker. Enkeltpersonforetak tilknyttet drift av Bjørby gård, Stange kommune.",,,,,Bjørby gård i Stange kommune (0417-239/1).,,"To dagsreiser til England for å møte representanter for
det engelske boligsamvirket og britiske politikere. Betalt
av firmaet Hedalm Anebyhus. (I stortingsperioden 20052009)",,,,
130,Lene,Vågslid,A,,"Nestleder Norsk Hardingfelesenter AS, lønnet
Medlem regional rovviltnemd, lønnet
Medlem offentleg utval for bustadpolitikk, lønnet
Medlem Telemark fylkesting, lønnet
Medlem hovedutvalg for kompetanse, lønnet
Medlem fylkesutvalg, lønnet",,,Søkt permisjon fra de tre sistnevnte verv under punkt 2.,,,,,,,,,
157,Lene,Westgaard-Halle,H,,"Fylkestingsrepresentant, Vestfold (godtgjørelse).",,,,,,,,,,,,
168,Erlend,Wiborg,FrP,,"Varamedlem Moss kommunestyre (møtegodtgjørelse pr
møte)
Medlem, administrasjonsutvalget, Moss(godtgjøring pr
møte)
Styremedlem, Moss havn KF(godtgjøring)
Medlem i Moss kommunale Pensjonskasse, (mottar fast
godtgjøring)",,,,,,,,,,,,
22,Nicholas,Wilkinson,SV,,"Leder valgkomiteen i Follo Human-Etisk Forbund, ikke
honorar.
Medlem av valgkomiteen borettslaget Nordre Skrenten,
Oppegård, ikke honorar.",,,,,Akershus SV yter sekretærbistand for arbeid i fylket,,,,,,,
30,Morten,Wold,FrP,True,,,,,,,,,,,,,
169,Freddy André,Øvstegård,SV,,"Styremedlem i stiftelsen Sex og Samfunn, har sagt fra
meg honorar.
Styremedlem i Foreningen Norden, ikke honorert.",,"Servicemedarbeider, NSB.",,,,,,,,,,
158,Maria,Aasen-Svensrud,A,,"Kommunestyremedlem, Horten (honorert)
Formannskapsmedlem, Horten (honorert)
Havnestyremedlem, Horten (honorert)
Vara, Stiftelsen gamle Åsgårdstrand
Tiltredende styret i Horten Arbeiderparti
Nestleder, Vestfold Arbeiderparti
Medlem fagligpolitisk samarbeidskomite, Vestfold Arbeiderparti
Tiltredende fylkestingsgruppe, Vestfold Arbeiderparti
Sentralstyremedlem, Arbeiderpartiet",,,,,,,,,,,,
127,Terje,Aasland,A,,Styreleder i Bølebåtens venner - org.nr. 992 528 443,,,Permisjon fra EL & IT Forbundet Vestfold/Telemark,,,,,,,,,
83,Rigmor,Aasrud,A,,"15.06.2014-30.6.18 Styremedlem i Sjømannskirken (ingen godtgjørelse).
29.05.2016-30.0618 styremedlem Norges Skiforbund
(styrehonorar).
30.06.2017 - 1.7.2019 varamedlem styret til Stiftelsen
Røysumtunet (møtegodtgjørelse).
1.7.2019 -            Styremedlem Stiftelsen Røysumtunet
01.02.2016 - styremedlem Sameiet Sandødegården (bosted) - (godtgjørelse).",,,,,,,,"Leder for delegasjon til Poznan, Polen. Uformelt ministermøte e-government, 16.-18.11.2011. Invitert av det
polske EU-formannskapet, som betalte hotelloppholdet.","Fat m. gravering mottatt av Gran Handel og håndverk
(""Potetprisen"").
Jakke med innvevd logo mottatt av Norges Skiforbund i
forb med SkiVM Representasjonsklær til bruk i forbindelse med arrangement fra Skiforbundet.",,,
184,Nikolai,Astrup,H,,,,,,,,,"Pactum Beta AS (100 %).
Pactum Beta AS er et holdingselskap som eier 24,42 %
av aksjene i familievirksomheten Pactum AS.
Pactum AS investerer i aksjer og andre verdipapirer,
shipping og næringseiendom. Porteføljen oppgis i henhold til § 9 her (per 30.09.19):
Aksjer:
Aker BP ASA.
Anchor Secondary V Ltd.
Arnarlax AS
Bjørgvin Vekst I AS
B2 Holding ASA
Borr Drilling LTD
Coor Service MGMT AS.
DFDS AS.
East Capital Financials Fund AB
Euromedica Norge AS
EAM Solar ASA
Energeia AS.
Equinor ASA.
Euronav NV
Flex LNG LTD
Gamba Natural International AS
Hitec Vision AS
Instalco AB
Inwido AB
JM AB
Knowit AB
Kone 047
Lerøy Seafood Group ASA
MOWI ASA
Nobia AB
Nokian Renkaat Oyj
NorAm Drilling Company AS
Pareto Bank ASA
Salmar ASA
Selvaag Bolig AS
Ship Finance LTD
 Storm Real Estate ASA
 Stora Enso Oyj
 TGS-NOPEC Geophysical Company
 UPM-Kymmene Oyj
 Vaneck Vectors Oil Services
 Vanguard MSCI Emerging Markets
 Vistinpharma ASA
 Yara International AS
Obligasjoner:
Ekornes
 Euronav Luxembourg
 GasLOG LTD
 Green Cube Innovation
 ICE Group Scandinavia Holdings AS
 Pandion Energy AS
 Siclar Point Energy
Skip/Offshore:
 Burgundy Container AS
 Skomvaer Bulker AS
 Octavian Bulker DIS
 High Yield Shipping DIS
 Lesley Product DIS
 Henrietta Product DIS
 Parcar AS
 Greenbarge DIS
 Sole Shipping Special Opportunities II
 RAN BARGE DIS
 Ross Wisconsin AS
 Northern Supply AS
Eiendom:
Alf Bjerckes vei AS
 Helsebygg Invest AS
 Offentlig Bygg Hamar AS
 Ski Eiendomsinvest AS
 TRD Campus Holding AS
 Vestby Logistikkbygg IS
 SPG Bolig Jessheim AS
 SPG Group Bostad Vega AB
 Union Real Estate Fund AS
 Union Real Estate Fund II AS
 Molde Eiendomsinvest AS
 SPG Tangen AS
 Yttersjø Businesspark Invest AS
Grønvold Gård Holding AS
Bommestad Invest AS
Brennaveien 20 Invest AS
Åssiden omsorgsboliger AS
Køge eiendomsinvest AS","9 - 21. mai 2010 - reise i USA (Washington DC, Oklahoma og California) som deltaker på International Visitor Leadership Programme, betalt av US Department of
State","Ladekabel for elbil, type 2, gave fra Fortum i mai 2014.",,,
182,Frank,Bakke-Jensen,H,,"Styreleder Båtsfjord Reiseservice A/S (lønnet)
Styreleder Sjurelv AS (ulønnet)",100 % eier i Båtsfjord Reiseservice AS,,,,,,Båtsfjord Reiseservice A/S,,"Mottok tre tepper fra afghanske myndigheter i januar
2018. Teppene er taksert og fortollet.",,,
188,Olaug Vervik,Bollestad,KrF,,"Styremedlem i Watoto, ulønnet.
Styremedlem i Brannvesenet Sør- Rogaland, lønnet.",,,Ulønnet permisjon fra Stavanger Universitetssykehus.,,,,,,,,,
181,Jon Georg,Dale,FrP,,"Medlem Volda kommunestyre (møtehonorar)
Medlem Fylkestinget i Møre og Romsdal (møtehonorar)",,Politisk rådgiver i Fremskrittspartiets stortingsgruppe,,,,,,,,,,
183,Ola,Elvestuen,V,,Første nestleder i Venstre (godtgjørelse),,,,,,,,,,,,
187,Kjell-Børge,Freiberg,FrP,,"Styremedlem Nordland FrP, ikke lønnet
Styremedlem i Innlandet Lokalutvalg, ikke lønnet",,,,,,,,,,,,
172,Trine Skei,Grande,V,,"Leder i Venstre (honorar)
Medlem av Helsingforskomiteens råd (ulønnet)","Grande Rådgivning er registrert, men ikke aktivt",,,,,,,"April 2004 - Besøk presidentinnsettelse i Taiwan etter at
Venstres søsterparti vant valget
Deltakelse på Tynwald Day 2014, Isle of Man i Storbritannia, 4.-8.7.2014. Oppholdet betalt av arrangøren som
var Isle og Man.(reise betalt privat).","Mottatt bilde/kunstverk i malt tre m. lakk til julen 2014
fra Kharai og Rajavi i det iranske eksilmiljøet. (Verdi
usikker.)",,,
180,Anniken,Hauglie,H,True,,,,,,,,,,,,,
177,Bent,Høie,H,,,,,,,,,,,"""Huskonsert"" 10.11.13 i gave fra Stavanger symfoniorkester og Rosenberg verft som ledd i deres prosjekt med
overraskelseskonserter.",,,
179,Torbjørn Røe,Isaksen,H,,"Styremedlem C. J. Hambro's fond (ulønnet)
Medlem av direksjonen i Polyteknisk forening (ulønnet).","Inntekt fra Kopinor etter opptrykk.
Inntekt fra Cappelen Damm etter utgivelse av boken
""Høyre om!"" i 2009.
Fast spalte i Morgenbladet (ikke honorar f.o.m. oktober
2013).
Inntekter fra utgivelsen av boken ""Konservatisme"" på
Universitetsforlaget i 2011.
Honorar fra TV Norge ifm. deltakelse i programmet ""4
stjerners middag"" september 2012. Honoraret er gitt bort.
Honorar fra NRK for manus + programlederjobb i programserien ""Sommer i P2"" 2012.
Honorar fra Nytt Norsk Tidsskrift for artikkel.
Honorar for vikariat i VG Helg sommeren 2013. Honoraret er gitt bort.",,,,,,En aksje i Klassekampen AS,"18. - 24. mai 2010 - reise til Paris - International Visitor
Program. Flyreise, hotell og enkelte måltider betalt av
den franske stat.
1.-4. november 2010- Reise til Israel/Palestina i regi av
Kirkens nødhjelp. Stortingsgruppen betalte flybilletten.
Arrangør betalte måltider.
26. februar-4.mars 2011- Studietur til Hong Kong i regi
av Hong Kongs myndigheter. Arrangør betalte reise og
opphold.",,,,
171,Siv,Jensen,FrP,,,"Sporadiske honorar for artikler og kommentarer til ulike
norske medier.",,,,,,,"10.-17. januar 2010. Studietur til Taiwan etter invitasjon
fra den taiwanske regjering. Reise og opphold dekket av
vertskapet.","3,5 l whisky fra Stortingets presselosje, desember 2011.
Mottatt i forbindelse med 50 års dag 1. 6. 2019:
-Fusionbrett fra Erna Solberg og statsråder i Høyre
-DAB-radio fra NRK
-Våtdrakt og fusionbrett fra FrPs fylkeslag
-Gavekort fra FrPs hovedorganisasjon og stortingsgruppe",,,
191,Jøran,Kallmyr,FrP,,"Styremedlem Sogstieika barnehage SA (ulønnet) Trer ut
av styret på årsmøte i april 2019.",,Avtale om sluttoppgjør for uttreden av advokatfirma Reder AS. Ingen opptjening etter 30.03.19,,,,,Aksjepost i Golar (mindre enn 1 %),,,,,
175,Sylvi,Listhaug,FrP,True,,,,,,,,,,,,,
176,Monica,Mæland,H,True,,,,,,,,,,,,,
186,Harald T.,Nesvik,FrP,,"Styremedlem i Tafjord Kraft AS (godtgjørelse)
Leder av Ålesundregionens Havneråd (godtgjørelse)",,Tilleggslønn som parlamentarisk leder i FrP,,,,,,,"Deltok 12.-13. juni 2003 og 14. og 15. juni 2004 med
ledsager på faglig seminar på Håholmen i Møre og
Romsdal i regi av Shell.
Sommeren 2010 - 1 stk førstedagsstemplet frimerke på
postkort i anledning EFTA's 50-års jubileum mottatt fra
Lichtenstein
Musikkspiller med 4 MB opptaksmulighet fra Norsk
Sjømannsforbund i forbindelse med paneldebatt
Mottatt 1 stk magnumflaske Upper Ten (presselosjens
julebord)
Mottatt 1 stk 5 kg reker fra Coldwater Prawns
Mottatt 3 stk billetter til Boksekamp i Oslo Spektrum fra
arrangør (ringside)",,,
185,Iselin,Nybø,V,,"Nestleder i IVAR IKS, lønnet. Nestleder i IVAR Næring
AS, lønnet. Styremedlem Lyse AS, lønnet. Bystyremedlem i Stavanger kommune (permisjon), lønnet.
Formannskapsmedlem i Stavanger kommune (permisjon), lønnet.
Vara kommunalutvalget i Stavanger kommune (permisjon), lønnet. Styremedlem Norsk Vann BA, lønnet.
1. vara Joyvitae AS, ikke lønnet. Vara til styret i Stiftelsen økonomisk, administrativ utdannelse og forskning,
lønnet.",,,"Permisjon fra stilling som ansatt advokat i Advokatfirmaet Simonsen Vogt Wiig AS.
Mulig velferdsavtaler som forsikring fortsetter ut 2013.
Mulig jeg kommer til å jobbe noe på timebasis de neste
årene, omfang ikke avklart.",,,,,,,,,
173,Kjell Ingolf,Ropstad,KrF,,Styremedlem i Antislaveriselskapet (ulønnet),,,,,,,,,,,,
174,Jan Tore,Sanner,H,,,,"Mottatt godtgjørelse som medlem av referansegruppen
for utredning (NOU) om ungdom, begynnerlønninger og
arbeidsledighet",,,"Unge Høyres Landsforbund dekket enkelte utgifter frem
til 1. juli 1994",,,"Presidiemedlem i AAYPL - gjennom denne organisasjonen dekkes enkelte reiser. Koordineres av Den Norske
Atlanterhavskomité","Deltar på den årlige ""Energy policy conference"" på Sanderstølen
Mottatt i forbindelse med 50-årsdag 2015:
- Gavekort fra Kommunal- og moderniseringsdepartementet
- Reisegavekort fra politisk ledelse i KMD
- Håkon Gullvåg litografi fra Høyres fylkesledere
- Hadeland fat fra Fremskrittspartiets stortingsgruppe
- To sølvlysestaker fra Høyres stortingsgruppe
Mottatt et par vadmelstøvler fra Kvelia-bua, oktober
2015
- Mottatt vase i anledning sesongåpning på Kistefossmuseet (21.5.2017)
-Zip-line tur i regi av Bergen Base Camp 2. august 2017
(verdi 350 kroner)",,,
170,Erna,Solberg,H,,Partileder i Høyre (ytelser),Bokutgivelse i 2011,,,,,,,,"Mottatt i forbindelse med 50-årsdag 24.2.2011:
-Sølvskål fra Høyres stortingsgruppe
-Gavekort fra Høyres fylkessekretærer
-Øresmykke fra Høyres fylkesledere
-Kokkekurs fra Fremskrittspartiet v/Siv Jensen
Akvarell fra Tore Hogtvedt
Trykk fra Mia Gjerdrum Helgesen
Smykker fra Nora af Norway
Lås og kjede fra E. Christoffersen
Strikkejakke fra Selbu Husflid AS
- Decadent Copenhagen veske, Bladet Kapital 100 mektigste kvinner, 21. juni 2017.
- Bilde av bygda Finnes i Hjørundfjorden, fra Høyre
Møre og Romsdal, april 2018.",,,
178,Ine M. Eriksen,Søreide,H,,"Styremedlem i Den norsk-tyske Willy Brandt-stiftelsen
(ulønnet)",Mottar sporadisk honorar for artikler i aviser og tidsskrifter,,,,,,,"16-17 februar 2009 - deltaker på Mobile World Congress
i Barcelona der hotellopphold dekket av Telenor","Bilde mottatt i forbindelse med foredrag for Det Sjømilitære Samfunds Sjømaktseminar september 2010
Krystallkaraffel mottatt fra Bergen Militære Samfund for
foredrag i januar 2012
Teppe og kappe mottatt fra provinsguvernør Shafaq i
Faryab i forbindelse med komitéreise til Afghanistan i
mars 2012",,,
189,Ingvil Smines,Tybring-Gjedde,FrP,,Nestleder i Frogner FrP (ulønnet),,,,,,,,,,,,
190,Dag-Inge,Ulstein,KrF,True,,,,,,,,,,,,,
654,Regina,Alexandrova,H,,,"1. Har enkeltpersonsforetak: Reginas MultiService (prosjektledelse, naturbaserte aktiviteter). Utbetalinger på
mer en kr 50.000:
a. Fjellguiden Altevatn AS
b. ArcticBioenergy AS
c. Nordnorsk Matfestival SA
2. Registrert som daglig leder på timebasis i ArcticBioenergy AS.",,,,,,,,,,,
540,Zaineb,Al-Samarai,A,,"Medlem Holmlia SK - mottar 2000 kroner i året dersom
jeg ikke har for mye forfall.
Varamedlem til Oslo Bystyret og finanskomiteen - møtegodtgjørelse etter Oslo Kommunens satser",,jobber som konsulent i Rud Pedersen Public Affairs,,,,,,,,,,
509,Grethe,Andersen,FrP,,,,Ansatt 80 pst. i Meløy kommune,,,,,,,,,,
504,Kari Anne Bøkestad,Andreassen,Sp,,Ordfører Vevelstad kommune (godtgjørelse),"Veterinær, selvstendig næringsdrivende",,,,,,"Aksjer i Torghatten ASA - direkte, og indirekte gjennom
AS Moheim (eierandel: 16,7 %)",,,,,
403,Nancy P.,Anti,Sp,,"Styremedlem og sekretær i reinbeitedistrikt 9, lønnet sekretærdel. Styremedlem i Sirma bygdelag, Sirma grendehus og Luohkka vannverk, ikke lønnet,
Vara i Tana kommunestyre, vara til Sametinget, vara til
Samerådet, godtgjørelse ved møte.","Reindrift som hovednæring,
Freelance som tolk, godtgjørelse på mer enn 50 000 fra
Domstoladministrasjonen.",,,,,,,,,,,
572,Seher,Aydar,R,,"Ingen lønnet verv.
Styremedlem i Solidaritet med Kurdistan.",,,,,,,,,,,,
458,Gina,Barstad,SV,,,,"Rådgiver i Kreftforeningen,",,,,,,,,,,
382,Eilev,Bekjorden,FrP,,,,,,,,,,,,,,True
707,Mona,Berger,SV,,"Fylkesleder Fellesorganisasjonen Trøndelag - lønnet
verv.
Landsstyrerepresentant Fellesorganisasjonen - ulønnet
verv.
Vararepresentant til bystyret i Trondheim for SV.",,"Fylkesleder Fellesorganisasjonen Trøndelag 100 pst. frikjøpt fra ordinær stilling som fagleder i Trondheim
kommune.",Har ulønnet permisjon fra stilling som fagleder i Trondheim kommune.,,,,,,,,,
605,Arne,Bergsvåg,Sp,,"Folkevald i Rogaland fylkesting (til saman ca. 80 prosent
stilling, godtgjersle): Medlem fylkesting, fylkesutval,
samferdselsutval, trafikksikringsutval, diverse styringsgrupper, gruppeleiar Senterpartiet.
Folkevald i Vindafjord kommune (til saman ca. 3 prosent
stilling, godtgjersle): Medlem kommunestyre, formannskap,
Leiar Vågslid Beitelag, ikkje lønna.
Leiar Vindafjord Tomteselskap, ikkje lønna.",,Sjå pkt. 2,,,,,,,,,,
336,Kjartan,Berland,H,,,,,,,,,,,,,,True
317,Mathias,Bernander,H,,"Fylkestingsrepresentant, Vest-Agder - Lønnet
Nestleder, Kristiansand Høyre - Ulønnet
Styremedlem, Agder kollektivtrafikk AS - Lønnet
Styremedlem, Sørlandets Europakontor - Lønnet
Styremedlem, Lindesregionens næringshage - Lønnet",,Rådgiver - Kristiansand Havn KF,,,,,,,,,,
628,Christian Tynning,Bjørnø,A,True,,,,,,,,,,,,,
466,Idun Kristine,Bortne,V,,"Varamedlem styret Tannlege Ingval Bortne AS (ulønnet). Varamedlem styret KS-Holding (ulønnet). Komitéleder Barnehage, skole og oppvekst, Bergen kommune
(lønnet).",,,"Permisjon: Associate Director - Turner & Townsend
Pearson Lugard",,,,,,,,,
381,Tone Heimdal,Brataas,FrP,,"Vardar AS, styremedlem, honorar
Røyken Eiendom AS, styremedlem, lønnet fra 2014
Røyken Eiendomsutvikling AS, honorar 2014","Brataas regnskap og kontorservice (ubetydelig omsetning
2013)
Mikro Dataregnskap AS",Daglig leder Mikro Dataregnskap AS,,,,,Mikro Dataregnskap AS,,,,,
624,Trude,Brosvik,KrF,,"Sogn og Fjordane fylkesting, fylkesutval og hovedutval
for opplæring, løna verv
Leiar Sogn og Fjordane KrF, uløna verv
Styreleiar, Vestlandsforsking, godtgjerdsle",gardbrukar,"kyrkjeverje, Den norske Kyrkja",,,,"Gnr 1, bnr 8, Gulen kommune",,,,,,
482,Anne Kristin,Bryne,A,,"Ålesund bystyre - honorar/ møtegodtgjørelse
Ålesund formannskap - honorar/ møtegodtgjørelse
Plan- og byggesaksutvalg - møtegodtgjørelse
Fellesnemd nye Ålesund kommune - honorar/ møtegodtgjørelse
Ålesund kommunale eiendom - styremedlem - honorar/
møtegodtgjørelse
Ålesundsregionens interkommunale miljøselskap - medlem representantskap - honorar/ møtegodtgjørelse",,,,,,,,,,,,
581,Trine,Danielsen,H,,,,,,,,,,,,,,True
741,Thor,Edquist,H,,,,,,,,,,,,,,True
679,Pål Sæther,Eiden,H,,"Ottersøy Barnehage SA - Styreleder - lønnet.
Namdal Rehabilitering - Styreleder - lønnet.
RIL Anlegg - medlem - ulønnet.
Trøndelag Høyre fylkestingsgruppe - ulønnet.",,"PT Gruppeleder Høyres Fylkestingsgruppe i Trøndelag.
Trøndelag fylkeskommune. Permisjon fra stilling som
Helse- og sosialsjef i Vikna kommune",Permisjon u lønn i den tiden jeg er vara på Stortinget,,,,,,,,,
711,Tove,Eivindsen,V,,"Fylkestingsrepresentant og nestleder for hovedutvalg næring, Trøndelag fylkeskommune, 45 pst. frikjøp.
Medlem i representantskapet i Kreftforeningen. Ikke
lønnet.
Styremedlem, ICOM MPR (ICOM, The International
Council of Museums, the international committee for
marketing and public relations). Ikke lønna.
Medlem i kontrollkomiteen, Norsk kommunikasjonsforening. Ikke lønna.",,"100 pst. stilling som kommunikasjonsleder ved NTNU
(Vitenskapsmuseet).","Kombinerer ferie, samt permisjon uten og med lønn, når
jeg nå møter som vara.",,,,,,,,,
703,Geir Arild,Espnes,Sp,,,,,,,,,Volden Innovasjon sovende enkeltmannsforetak 100%,,,,,
345,Elisabeth,Fanghol,A,,,,,,,,,,,,,,True
563,Solveig Skaugvoll,Foss,SV,,2. vara til helse- og omsorgskomiteen i Grünerløkka bydelsutvalg (godtgjørelse ved oppmøte),,100% ansatt som regionsekretær i Natur og Ungdom,,,,,,,,,,
675,Bjørn Arild,Gram,Sp,,"Ordfører i Steinkjer kommune (lønnet)
Nestleder i KS (godtgjøring)
Styremedlem i Helse Nord-Trøndelag HF (godtgjøring)
Fylkestingsmedlem i Nord-Trøndelag (godtgjøring)",,Se punkt 2.,,,,"Eier av gården Øvre Skjefte i Steinkjer (gnr. 189, Bnr. 2)","1220 aksjer i Telenor ASA
4 aksjer i AS Nord-Trøndelag",,,,,
666,Katrine Boel,Gregussen,SV,,"-Kommunestyrerepresentant for Lenvik Kommune,
2012-d.d. (får møtegodtgjørelse)
- Kontrollutvalget i Lenvik Kommune, 2015-d.d. (Møtegodtgjørelse)
- Valgnemnda i Lenvik Kommune, 2012-d.d. (Møtegodtgjørelse)",,"Hjelpepleier, Lenvik Kommune",,,,,,,,,,
490,Simon Molvær,Grimstad,KrF,,"Bystyrerepresentant i Ålesund kommune (lønnet)
Leder kultur og oppvekstutvalget i Ålesund kommune
(lønnet)",,Ungdomsleder i Jar menighet.,,,,,,,,,,
352,Liv,Gustavsen,FrP,,"1) Nes Kommune Akershus, FrP Kommunestyrerepresentant 2015-2019.
2) Nes Kommune Akershus, Leder av Kontrollutvalget
2015-2019.
3) Akershus FrP, Leder fra 2015-2018/juni.
4) Akershus Fylkestingsgruppe, 1.vara til Samferdsel og
1. vara til Plan&Næring, 2015-2019.
Punkt 1, 2 og 4 har møte godtgjørelse.
Punkt 3 har en årlig fast godtgjørelse samt møtegodtgjørelse.","Som ansatt i utlandet har jeg også et skrivebords selskap,
hvor jeg kun fakturerer kostnader som fix cost (bil leasing, kontor leie m.m) da min arbeidsgiver ikke har kontor
eller andre ansatt i Norge, fakturerer jeg dem for disse
kostnadene.","Jeg er ansatt ved SAPPI EUROPE, i Brussel.
Sales manager Scandianvia.
100% stilling.
www.sappi.com","Jeg jobber i dag ved Sappi og er kun inne som 1. vara
ved Stortinget i perioden 2017-2021.",,,"1 Selveierleilighet som leies ut.
Voldsgate 8, 2000 Lillestrøm.",,,,,,
740,Monica Carmen,Gåsvatn,H,,"Østfold fylkesting, medlem, lønnet
Opplæring-, kultur- og helsekomiteen, medlem, lønnet
Østfoldhelsa, medlem, lønnet
KS, vara, lønnet
Sarpsborg bystyre, vara, lønnet
ASVO, medlem, lønnet
Borg Havn, medlem, lønnet
Sarpsborg FRP, leder, lønnet
NRF Østfold, leder, lønnet",,"Teamleder Sarpsborg kommune, 90 prosent stilling
Fylkespolitiker Østfold fylkeskommune, 10 prosent stilling",,,,,,,,,,
536,Ingjerd Thon,Hagaseth,V,,Styremedlem Innlandet begravelsesbyrå AS (ikke lønnet),Valdres råd og konsulent (liten aktivitet),Prosjektleder NAV Oppland,,,,,,,,,,
557,Carl I.,Hagen,FrP,,"Styreleder i CARLELI AS
Medlem Domstolkommisjonen
Medlem Oslo Bystyre",Foredragsvirksomhet/artikler,"20 % stilling i Oslo FrPs bystyregruppe
Møtehonorar Domstolkommisjonen",Tjenestepensjon fra Stortinget er stoppet når jeg møter,,,,50 % eierandel i Carleli AS,,,,,
367,Torleif,Hamre,SV,,"1) Vara (ansatterepresentant) styret Stiftelsen Norsk Folkemuseum, ulønnet.
2) Kommunalpolitiske verv Eidsvoll kommune: medlem
kommunestyre, formannskap, administrasjonsutvalg og
hovedutvalg for helse og omsorg, leder sistnevnte utvalg
- godtgjørelser etter regulativ Eidsvoll kommune.",,"Stiftelsen Norsk Folkemuseum, Eidsvoll 1814: førstekonservator, seksjonsleder og nestleder - 100 pst. fast
stilling.","Permisjon uten lønn fra arbeidsgiver Stiftelsen Norsk
Folkemuseum for dager da jeg møter som vara i Stortinget",,,,,,,,,
443,Øystein,Hassel,A,,"- Bystyrerepresentant og medlem av Komite for helse og
sosial, Bergen kommune. Jeg mottar møtegodtgjørelse
pr. møte.
- Styreleder, Boligsameiet Øvre Stadionveien 1 (ikke
lønnet)
- Styremedlem, Arbeiderpartiet i Bergen (ikke lønnet)
- Styremedlem, Laksevåg Arbeidersamfund (ikke lønnet)
- Medlem av rådet, Stiftelsen Akvariet i Bergen i perioden 2016-2019. Oppnevnt av Bergen bystyre som representant for Bergen kommune. Jeg mottar årlig en godtgjørelse på 5000 kr.
- Varastyremedlem, Midtun Vekst AS. Oppnevnt av byrådet i Bergen kommune. Jeg mottar møtegodtgjørelse
pr. møte jeg eventuelt blir innkalt til og stiller på.",,"Deltidsjobb som brukerstyrt personlig assistent (BPA),
Uloba – Independent Living Norge SA.",,,,,,,,,,
577,Kristoffer Robin,Haug,MDG,,,Enkeltpersonforetak: Konsulent Kristoffer Robin Haug,Rådgiver i Norges forskningsråd,,,,,IPS-sparing i Storebrand,,,,,
505,Kim André,Haugan Schei,Sp,,"Varamedlem til styret i Arbor AS, ikke lønnet.",,Produksjonsmedarbeider Arbor AS,,,,,,,,,,
331,Tove Welle,Haugland,KrF,,,,,,,,,,,,,,True
376,Iselin,Haugo,H,,"Fylkestingsrepresentant, Buskerud
Styremedlem, Hallingporten Vegfinans",,"Sykepleier, Hallingdal Legevaktsentral",,,,,,,,,,
326,Theodor,Helland,FrP,True,,,,,,,,,,,,,
318,Benedichte Limmesand,Hellestøl,H,,,,,,,,,,,,,,True
642,Heidi,Herum,Sp,,"Varaordfører Bamble kommune (lønnet).
Fylkestingsmedlem Telemark (lønnet).
Styremedlem Frier vest as (ulønnet).
Styremedlem Ungt entrepenørskap Telemark (ulønnet).
Styremedlem Bamble skogeierlag (lønnet).
Rep.skap Grenland havn (ulønnet).
Styremedlem vekst i Grenland (lønnet).",,,,,,,,,,,,
433,Sigurd,Hille,H,,"Avis Consult AS, styreleder, ikke lønnet
Johakri AS, styreleder, ikke lønnet
Helse Vest RHF styremedlem (fra 15. feb. 2018), godtgjørelse",,,,,,,"500 aksjer i Entra AS
1500 aksjer i Gjensidige Forsikring
100 % eier av Avis Consult AS
100 % eier av Johakri AS
64203 aksjer i NEL ASA
10000 aksjer i Lavo.TV AS",,,,,
519,Hilde Kristin,Holtesmo,A,,,,,,,,,,,,,,True
578,Hulda,Holtvedt,MDG,,,,,,,,,,,,,,True
344,Mani,Hussaini,A,,"Fylkestingsmedlem i Akershus (lønnet)
Medlem hovedutvalg for utdanning AFK (Lønnet)
Kommunestyrerepresentant Ullensaker kommune (lønnet)
Medlem NRK Østlandssendingen distriktsprogramråd
(lønnet)
Vara generalforsamlingen DNB Sparebankstiftelsen
(lønnet)
Medlem skoleutvalget Skedsmo vgs (lønnet)",,,,,,,,,,,,
564,Marian,Hussein,SV,,,,,,,,,,,,,,True
327,Unni Nilsen,Husøy,FrP,,,,,,,,,,,,,,True
616,Hilmar,Høl,A,,"Styreleiar i SF Holding a/s - Godtgjersle Sogn og Fjordane fylkeskommune.
Styremedlem i ÅB eigedom - Godtgjersle Årdal kommune.
Fast medlem i fylkesutvalget i Sogn og Fjordane fylkeskommune. Fast godtgjersle.
Formannskapsmedlem i Årdal kommune. Fast godtgjersle",,Jobber hos Hydro Aluminium Årdal Metallverk,,,,,"4 000 aksjar i Norsk Hydro ASA.
Ca. 150 aksjar i Equinor ASA.","Oljemesse i Houston, Texas, mai 2014, Sogn og Fjordane fylkeskommune.",,,,
518,Stine Renate,Håheim,A,,,"Deltok i panelsamtale under bokarrangement på Sølvberget, Stavanger Kulturhus, 29. sept 2016. (Honorar betalt av Sølvberget)",,,,,,,"Foredrag på konferanse om ""Woman's Participation in
Political Parties - Obstacles, Challenges and Opportunities for change"" i Beirut. Opphold dekket av International
Alert. Tidspunkt: 4.-6. juni 2010",,,,
363,Oddvar,Igland,Sp,,Gruppeleder i kommunestyret (godtgjørelse),,Ass. generalsekretær i Senterpartiet,,,,,,,,,,
386,Sigrid Simensen,Ilsøy,Sp,,,,,,,,,,,,,,True
346,Halvard,Ingebrigtsen,A,,,,,,,,,,,,,,True
734,Siv Henriette,Jacobsen,A,,,,,,,,,,,,,,True
353,Ole-Jacob,Johansen,FrP,,Styremedlem Asker Fotball. Ulønnet,Innkalt vararep. ikke pliktig å oppgi,,,,,,,,,,,
494,Kjell-Idar,Juvik,A,,"Kommunstyrerepresentant Hemnes kommune, møtegodtgjørelse
Landsstyremedlem for Nordland i Utmarkskommunenes
sammenslutning (USS), møtegodtgjørelse
Styreremedlem Kommunekraft AS, møtegodtgjørelse
Sekretær i Hemnes Dykkeklubb, ulønnet
Komiteleder Hemnes Båt & Fjordfestival, ulønnet",,,,,,,,,,,,
528,Kari-Anne,Jønnes,H,,"Nestleder, planutvalget i Gran (godtgjørelse)
Medlem av fylkestinget (godtgjørelse)
Medlem av fylkesutvalget (godtgjørelse)
Medlem av administrasjonsutvalget (godtgjørelse)
Medlem av klagenemnd (godtgjørelse)
Medlem av yrkesopplæringsnemnd (godtgjørelse)
Medlem av fellesnemnd for fylkessammenslåing (godtgjørelse)
Medlem av arbeidsutvalg for fylkessammenslåing (godtgjørelse)
Medlem for Rovviltnemnd region 3 (godtgjørelse)
Eidsiva Energi AS Medlem av bedriftsforsamling (godtgjørelse)
Eidsiva Energi AS: Medlem av valgkomite (godtgjørelse)
Sparebank 1 Ringerike Hadeland: Leder av representantskap (godtgjørelse)",,,,,,,"Sparebank 1 Ringerike Hadeland, 300 egenkapitalbevis
Tveten Park AS, 134 aksjer",,,,,
514,Marius Meisfjord,Jøsevold,SV,,"Fylkestingsrepresentant - Nordland fylkesting. Lønnet
verv.
Generalforsamling - sparebankstiftelsen, Helgeland Sparebank. Møtegodtgjørelse ved oppmøte.",,,,,,,,,,,,
588,Tom,Kalsås,A,,"Medlem av kommunestyret og formannskapet i Gjesdal
kommune (godtgjørelse).
Styremedlem i Forus Folkehelsesenter AS, Forus Flerbrukshaller AS og Forus Bedriftsidrettsarena AS (Haver
Advokatfirma AS fakturerer kr 1900 per time).",,Ansatt advokat i Haver Advokatfirma AS,,,,,,,,,,
558,Geir Hågen,Karlsen,FrP,,,"Daglig leder/innehaver Karlsen Consulting.
Daglig leder/styreformann Nybrent AS",Fast ansatt oberstløytnant i Forsvaret.,,,,,Nybrent AS eier 100%.,,,,,
394,Steinar,Karlstrøm,A,,"Styreleder Kvænangen Produkter AS - styrehonorar
Vara styret Alta Industribygg AS - styrehonorar
Nestleder bransjeforeninga Arbeid & Inkludering, NHO styrehonorar",,Adm direktør Aksis Arbeid og Kompetanse AS,,,,,,,,,,
395,Ragnhild H.,Kaski,A,,,,Kommunikasjonssjef i stiftelsen Kirkens Bymisjon Oslo.,,,,,,,,,,
549,Mats A.,Kirkebirkeland,H,,"•Kirkebirkeland Holding AS, styreleder, ikke godtgjøring
•Smartegadgets.no AS, styremedlem, godtgjøring mottas
•Stavangergata 46 Borettslag, styremedlem, godtgjøring
mottas",,"Rådgiver (80 prosent stilling), Tankesmien Civita AS.",,,,,"• Kirkebirkeland Holding AS - 100 prosent eierandel.
• Smartegadgets.no AS - 25 prosent eierandel•Havila Shipping ASA - mindre enn 0,1 prosent.
•Aqua Bio Technology ASA - mindre enn 0,1 prosent.",,,,,
390,Tonje,Kopstad,SV,,"Leder Gol SV ulønnet
Styremedlem Buskerud SV ulønnet
Styreleder i legat for pasienter ved Gol helsetun ulønnet
Styremedlem i Hallingdal folkehøgskule møtegodtgjørelse
Styremedlem Utdanningsforbundet Buskerud møtegodtgjørelse",,Personalsjef for Gol kommune,,,,"Halvpart av enebolig, Briskevegen 16, eneie i Gol kommune
Halvpart av fritidsbolig, eneeie i Nord-Aurdal kommune",,,,,,
567,Tina Shagufta Munir,Kornmo,V,,"Styreleder ALMA Culture Center, ikke lønnet.
Nestleder i Rådet for Senter for MenneskerettigheterUiO, ikke lønnet.
Styremedlem Make-A.Wish Norge, ikke lønnet.
Styremedlem Laila & Amars Model School, ikke lønnet.
Styremedlem Anette Thommessens Minnefond, ikke
lønnet.
Medlem av to tilsynsutvalg i Frogner bydel, lønnet.",,"Seksjonsoverlege Urologisk seksjon, kirurgisk avd, Bærum Sykehus, VVHF","Fast lønn fra Bærum Sykehus erstattes av godtgjørelse på
Stortinget. Det er søkt om å få beholde personlig tillegg i
møteperioden på Stortinget for å unngå nedgang i lønn.",,,,,,,,,
330,Per Sverre,Kvinlaug,KrF,,"Ordfører Kvinesdal kommune (lønnet)
Kvinesdal kommunebygg AS, styreleder (godtgjørelse)
Lister kompetanse AS, styreleder (ulønnet)
Lister næringspark SA, styreleder (ulønnet)
Innovasjon Kvinesdal SA, nestleder (ulønnet)","Sanden Media, prosjektleder (har permisjon fra denne)",,,,,,,,,,,
672,May Britt,Lagesen,A,,,,,,,,,,,,,,True
407,Vetle,Langedahl,H,,"Styreleder i Norges arktiske studentsamskipnad. Vervet
er lønnet.",,,,,,,50 aksjer i Carasent ASA.,,,,,
495,Rita,Lekang,A,,,,Fast ansatt i LO,,,,,,,,,,
486,Geir Inge,Lien,Sp,,"Ordførar i Vestnes kommune (godtgjersle)
Styreleiar Eksportvegen AS (godtgjersle)
Styremedlem Tremek AS (møtegodtgjersle)
Fylkesstyremedlem KS (godtgjersle)
Medlem ROR (Romsdal regionråd) (inga godtgjersle)
Varamedlem Sunnmøre regionråd (inga godtgjersle)",,Sjå punkt 2,,,,,,,,,,
335,Anne Kristine,Linnestad,H,,"Styreleder Follo Næringsråd, ikke lønnet
Styreleder Follo HK damer, ikke lønnet
Styremedlem Akershus Idrettskrets, godtgjøring
Styremedlem Follo Futura, godtgjøring
Gruppeleder, Ski Høyre, godtgjøring gjennom Ski kommune
Kommunestyre representant, Ski, godtgjøring
Formannskapsmedlem, Ski, godtgjøring","I farta! daglig leder, ingen inntekter så langt i 2017","Follo Kvalifiseringssenter IKS, ansatt i 100% stilling","Jeg blir lønnet de dagene jeg møter på Follo Kvalifiseringssenter IKS den perioden jeg er møtende vara for
Henrik Asheim. De dagene jeg møter på Stortinget har
jeg ulønnet permisjon",,,,,,,,,
309,Ingelinn,Lossius-Skeie,Uav,,Medlem av Lillesand bystyre og formannskap (noe lønnet),,Lærer ved Lillesand voksenopplæring 50 %,,,,,,,,,,
590,Erik,Ludvigsen,A,,,,,,,,,,,,,,True
704,Marte,Løvik,Sp,,,,,,,,,,,,,,True
745,Bjørnar,Laabak,FrP,,,,,,,,,,,,,,True
442,Linda Monsen,Merkesdal,A,,"Godtgjørelse ved oppmøte (gjelder for alle verv nedenfor
her):
Kommunestyret i Voss Kommune 2015-2019.
Miljø og kulturutvalget Voss kommune 2015-2019.
Kasserer i Voss Arbeiderparti.
Leder i styret stiftelsen Myrkdalen Aktivitets og treningssenter.
Medlem prestegardsmofondet.
Vara Indre Hordaland miljøverk.",,Avdelingsleder NAV Voss - Voss Kommune,"I denne vara perioden har jeg tatt ut 1,5 feriedager fra
arbeidsgiver",,,,,,,,,
617,Helge Robert,Midtbø,A,,"Bystyret og Formannskapet i Førde kommune - Lønnet
Ankerløkken Eigedom AS - Styremedlem - Lønnet
Henden Elektro AS - Styrets leiar - Lønnet
Sfære AS - Styremedlem - Lønnet
Fjordvekst AS - Styremedlem - Lønnet",HAH-Holding AS - Daglig leiar og styreleiar - ikkje lønna,,,,,,"HAH Holding AS. Investering i eigedom, selskaper og
annet.",,,,,
708,Nisrin,Morabit,SV,,,,Lønnet stilling i Trondheim Kommune som helsefagarbeider.,,,,,,,,,,
453,Hans Inge,Myrvold,Sp,,"Styreleder Fastlandssambandet Halsnøy AS (lønnet)
Styreleder Supplèr AS (ulønnet)",,"Daglig leiar Supplèr AS
Daglig leiar Fastlandssamband Halsnøy AS
Varaordfører Kvinnherad kommune",,,,,Supplèr AS 100 % av aksjer,,,,,
612,Steinar,Ness,Sp,,,"Sjølvstendig næringsdrivande, sauebonde frå 2000.
Sjølvstendig næringsdrivande, rådgjeving frå 2006.
Inntekter frå KS og Fagforbundet har overstige kr 50.000
siste åra.","Engasjement Senterpartiets stortingsgruppe - siste år
2016.",,,,"Gardsbruk i Gaular kommune i Sogn og Fjordane - Gnr
38 Øen, bnr 1.","Viksdalen Butikkbygg AS - 3 aksjar.
Det Norske Teater     - 1 aksje.
Klassekampen          - 1 aksje.",,,,,
688,Pål Sture,Nilsen,A,,,,,,,,,,,,,,True
670,Jorid Juliussen,Nordmelan,A,,Nestleder Norsk frimerkeungdom (ulønnet),,"Rådgiver i First House (se oversikt over kunder under
andre forhold)",,,,,,,,,"Aktive kundeforhold i First House: Bygg21 (Direktoratet
for byggkvalitet), Den norske tannlegeforening, Den
norske veterinærforening, Espira Gruppen AS, Høyskolen Kristiania, Lederne, Norges Optikerforbund, Norsk
takst, REMA 1000 AS og RSM Norge.
Tidligere kundeforhold (i inneværende år): Bauer Media,
Arkwright X, Avfall Norge, Elevorganisasjonen, Harald
A. Møller AS, IBM Norge, Eide Fjordbruk AS
Nelfo,
Nor
sk
kjeveortopedisk
foreni
ng,
Sie
men
s
AS,
Sjø
mat
Nor
ge
og
Vis
olit
AS.",
462,Torill Selsvold,Nyborg,KrF,,"Stiftelsen Verdighetssenteret, Bergen (honorar)
Os-Bergen Bompengeselskap, Bergen (honorar)
Fjell pensjonskasse, Fjell kommune (honorar)
Norsk Vasskraft- og industristadmuseum, Tyssedal (ikke
honorar)",,"Fylkesordfører Hordaland, lønna",,,,,,,,,,
746,Rowena von,Ohle,FrP,,"Kommunestyremedlem, Spydeberg kommune, godtgjørelse.
Utvalgsleder i Spydeberg kommune for Næring, helse,
oppvekst og kultur, godtgjørelse.
Styremedlem Fellesnemda, Indre Østfold kommune,
godtgjørelse.
Styremedlem Vollene Legat, ikke godtgjørelse .
Styremedlem Østfold FrP, ikke godtgjørelse.",,"Regnskapskonulent, Ski Konsulentbyrå AS",,,,,,,,,,
322,Odd,Omland,A,True,,,,,,,,,,,,,
649,Kari-Anne,Opsal,A,,"Harstad kommune, gruppeleder Arbeiderpartiet (honorar).
Troms fylkesting, gruppeleder Arbeiderpartiet (honorar).
Grottebadet AS, styreleder (honorar).
Norsk Bridgeforbund, president (honorar).
Member of executive comitee, European Bridge League
- kun utgiftsdekning
Member of executive comitee, World Bridge Federation
-kun ugifsdekning",,,,,,,,"Møter som president i Norsk Bridgeforbund på Europeiske møter 2-3 ganger per år. Reiseutgifter dekkes av
Norsk Bridgeforbund.
Møter i executive comitee European Bridge League og
World Bridge Federation 4-6 ganger pr. år. utgiftene
dekkes av de. Reisene har ikke tilknytning til min virksomhet som Stortingsrepresentant.",,,,
483,Roger Magne,Osen,A,,,,,,,,,,,,,,True
449,Laila,Reiertsen,FrP,,"Kommunestyrerepresentant i Os kommune (godtgjørelse)
Medlem i formannskapet i Os kommune (godtgjørelse)
Os Turn Nestleder(ulønnet)
Os FrP Nestleder","Enkeltmannsforetaket ""NokTid"" (utleie som sykepleier).
For tiden ikke i drift.",,Permisjon uten lønn fra stilling som HR- leder ved Ravneberghaugen rehabiliteringssenter,,,,,,,,,
470,Anders,Riise,H,,"Ordførar i Hareid kommune, godtgjersle.
Fylkestinget i M&R, godtgjersle.
Leiar kontrollutvalet i M&R, godtgjersle.
Styreleiar i KS M&R, godtgjersle.
Styreleiar og dagleg leiar i Aktiv Omsorg AS, Ambu Eigedom AS og Olebuda Eigedom AS. Alle utan honorar.
Styremedlem i Ambulanseforum, honorar.
Hareid Trafikkterminal, honorar.
Hareid Fastlandssamband, ingen honorar.
Hareid Høgre. Ingen honorar.
Nestleiar i styret Søre Sunnmøre landbrukskontor, styrehonorar.",,Ordførar Hareid kommune.,Permisjon utan løn frå Helse Møre & Romsdal,Permisjon utan løn frå Helse Møre & Romsdal,,,"Ambu Eigedom AS 50 %
Aktiv Omsorg AS 50 %
Olebuda Eigedom AS 100 %",,,,,
667,Bjarne,Rohde,SV,,"Fylkesleiar, Troms SV, ulønna,
Landsstyrerepresentant, SV, ulønna",,"Rådgjevar, Parat",,,,,,,,,,
569,Naomi Ichihara,Røkkum,V,,"Styremedlem i Syklistenes landsforening Oslo (ulønnet).
Redaksjonsrådsmedlem i miljømagasinet Pan (ulønnet).",,Fagsjef næringspolitikk og kommunikasjon i Norsk Eiendom.,,,,,,,,,,
730,Kari-Lise,Rørvik,V,,Leder Larvik Venstre. Ikke lønnet,,,,,,,"ReNatur AS, eierandel 49%",,,,,
608,Eirik Faret,Sakariassen,SV,True,,,,,,,,,,,,,
429,Bersvend,Salbu,SV,,Styremedlem i Greenfield DC Sites AS (ulønnet),Enkeltmannsforetak/gardbruker,,,,,,,,,,,
562,Olivia Corso,Salles,SV,True,,,,,,,,,,,,,
699,Lill Harriet,Sandaune,FrP,,"Varamedlem Malvik Næringsutvikling (godtgjørelse v.
oppmøte)
Varamedlem til styret for Vikhammer Jern og Farve A/S
(godtgjørelse v. oppmøte)",Medeier Vikhammer Jern og Farve A/S,Adjunkt v. Skjetlein vgs.,,,,,50 pst. aksjeandel i Vikhammer Jern og Farve A/S,,,,,
441,Leif Audun,Sande,A,,,,pensjonist,Gavepensjon,,,,Et fåtall aksjer i Klassekampen AS og Dag og Tid AS.,,,,,
416,Per Martin,Sandtrøen,Sp,,"Representant i Hedmark fylkesting
Nestleder Hedmark Senterparti
Permisjon fra vervet som representant i Tynset kommunestyre",Per Sandtrøen Skikurs (ENK) (Ingen aktivitet),Politisk rådgiver for Senterpartiets stortingsgruppe,,,,,,,,,,
370,Anne,Sandum,A,,"Medlem av fylkesting, fylkesutvalg og hovedutvalg for
samferdsel, administrasjonsutvalg og forhandlingsutvalg
i Buskerud fylkeskommune (godtgjørelse)
Leder i Ringerike Arbeiderparti (godtgjørelse)
Styremedlem i Vegfinans E 134 Buskerud AS (godtgjørelse)
Styremedlem i Vegfinans Hallingporten AS (godtgjørelse)
Verv med møtegodtgjørelse:
Medlem av fylkets trafikksikkerhetsutvalg i Buskerud
Nestleder i KS-Buskerud
Konst. nestleder i Rovviltnemda i region 2
Medlem av Østlandssamarbeidets utvalg for samferdsel
Medlem av ATM-rådet for Buskerudbyen
Politisk regionkontakt til regionrådet for Hallingdal og til
region Vestviken
Varamedlem til kommunestyret og viltnemda i
i Ringerike kommune",,Se punkt 2,,,,,,,,,,
366,Sheida,Sangtarash,SV,True,,,,,,,,,,,,,
358,Solveig,Schytz,V,,"Ås kommune, hovedutvalg for oppvekst og kultur, vararepresentant, lønnet.
Styremedlem Venstres studieforbund, ulønnet.
Styremedlem Vegfinans Oslofjordtunnelen AS, lønnet
Styremedlem Venstres sentralstyre, ulønnet
Ås Venstre, styremedlem, ulønnet
Akershus Fylkeskommune, medlem av fylkesting og fylkesutvalg, leder for hovedutvalg for samferdsel,
gruppeleder for Venstres fylkestingsgruppe, lønnet.
KS Akershus fylkesstyre, vararepresentant, KS landsstyre, vararepresentant, lønnet.",,,"Permisjon fra stilling som rådgiver hos Riksantikvaren.
Ulønnet permisjon begrunnet i folkevalgte verv, fra oktober 2011.",,,,"DNB ASA 1369 aksjer
Sparebanken Møre 204 aksjer
Olav Sandvik Invest AS, 170 aksjer",,,,,
633,Emilie,Schäffer,H,,"Grenland Familiekontor, styreleder, lønnet
City Bygg, styreleder, lønnet
Skien Næringsfond, styremedlem, lønnet",,"NAV Porsgrunn, sosialkurator, 100% stilling",,,,,,,,,,
735,Arve,Sigmundstad,A,,"Medlem av Halden kommunestyre og formannskapet
Medlem av hovedutvalg for plan, teknisk, landbruk og
miljø
Medlem av hovedutvalg for helse, omsorg og sosialetjenester
Medlem av Havnestyret
Det utbetales honorarer for møter i disse organene.",,Seniorrådgiver i arbeidstakerorganisasjonen Parat,,,,,,,,,,
580,Aase,Simonsen,H,,"Karmøy Kommunestyre, medlem. Lønnet v/oppmøte
Karmøy Formannskap, medlem. Lønnet
Hovedutvalg Oppvekst og Kultur Karmøy, leder. Lønnet
Eierskapsutvalget Karmøy Kommune, medlem. Lønnet
v/oppmøte
Rogaland Fylkesting, medlem. Lønnet
Rogaland Fylkesutvalg, medlem. Lønnet
Rogaland Fylkets Trafikksikkerhetsutvalg, medlem.
Lønnet
Rogaland Fylkets Opplæringsutvalg, medlem. Lønnet
- de ovennevnte verv som er fast lønnet reduseres ved
forfall etter fastsatte regler.
Rovviltnemnda Region 1, medlem. Lønnet v/oppmøte
Samarbeidande Kraftfylka, medlem. Ulønnet verv.
Trykk Trafikk, styremedlem siden 2016- . Lønnet
v/oppmøte.
Destinasjon Haugesund og Haugalandet (DHH), styremedlem siden 2012- . Godtgjørelse.
Haugalandsmuseene, styremedlem siden 2012- . Lønnet
v/oppmøte.",,,,,,,,,,,,
499,Elizabeth Åsjord,Sire,H,,,,,,,,,,,,,,True
671,Gaute Børstad,Skjervø,A,,,,Fylkestingsrepresentant Trøndelag Ap - lønnet 20%,,,,,,,,,,
576,Per Espen,Stoknes,MDG,,"Styremedlem Sensonomic as (ulønnet)
Styremedlem NIKUT - Norsk Institutt for Kunstuttrykk
& Kommunikasjon (mottar lavt honorar)
Styremedlem Stiftelsen Tvergastein Arne Næss Hytte
(Ulønnet)
Styreleder Tanksemia Pan (Ulønnet)","Innehaver av Stoknes Futures AS, lite aktivitet i perioden
for møtende vara-representant (des17-jun18)","Forsker, 20%, Handelshøyskolen BI, Senter for Grønn
Vekst. Delvis permisjon fra stillingen i perioden des17jun2018","Forsker, 20%, Handelshøyskolen BI, Senter for Grønn
Vekst. Delvis permisjon fra stillingen i perioden des17jun2018. Underviser noen enkeltstående timer / dager i
fag hvor BI ikke har tilsvarende kompetanse. Viderefører
på svært lavt aktivitetsnivå overordnet prosjektleder ansvar for 2 arbeidspakker i NFR-finansierte prosjekter,
hvor aktivitet skjer via vit-ass.",,,"Skrivestue, Kongsberg. Eid via næringsvirksomhet
(Stoknes Futures AS)","Stoknes Futures AS (95%), som er et holdingsselskap,
som igjen eier:
14% av Sensonomic AS
43% av BiogassMøre AS
Biovotec AS (mindre enn 10%)",,,,,
548,Camilla,Strandskog,H,,"AU-medlem i Oslo Høyre. Ikke lønnet.
Styremedlem i stiftelsen Minervafondet. Ikke lønnet.",,Myndighetskontakt i Telenor. I permisjon uten lønn i perioden jeg er inne som vara.,,,,,,,,,,
412,Per-Gunnar,Sveen,A,,"Styremedlem i Vegfinans RV3/25 as (honorar).
Styremedlem i Vegfinans E16 Kongsvingerveien (honorar).",,Fylkesrådsleder i Hedmark fylkeskommune,,,,,"Har 6 000 (seks tusen) egenkapitalbevis i Sparebank1
Østlandet.",,,,,
715,Renate,Sølversen,H,,"Fylkestingsrepresentant Vestfold, samt medlem av hovedutvalg for klima- energi og næring. Godtgjørelse.
Medlem av fellesnemnd for Vestfold og Telemark.
Godtgjørelse.",,Stilling som lærer/lektor ved Nøtterøy videregående skole (Vestfold Fylkeskommune).,,,,,,,,,,
411,Tone Merete,Sønsterud,A,,,,,"Ulønnet permisjon fra Statistisk Sentralbyrå og LO Stat.
Beholder et billån i LO Stat.",,,,,,,,,
301,Arne,Thomassen,H,,"Styreleder i SAAC Holding, ikke lønn.
Styreleder i Lillesand Næringsarealer, lønnet.
Styremedlem i LKS Agder, styregodtgjørelse pr møte.
Styremedlem i Sekkebekksletta 2 AS, ikke lønn.
Styremedlem i Skolegata 2 AS , ikke lønn.
Styremedlem i Rørhus AS, ikke lønn.
Styremedlem i Bjørlykke AS, ikke lønn.",,,,Er Ordfører i Lillesand kommune frem til oktober 2019,,En leilighet i Skuggevik i Lillesand,,,,,,
645,Hanne,Thürmer,KrF,,"Leder Norsk indremedisinsk forening, godtgjørelse
Styremedlem Diakonhjemmet sykehus, godtgjørelse
Folkevalgt Notodden kommune, leder hovedutvalg helse/sosial, medlem formannskap, godtgjørelse",,"Fast ansatt overlege ved Sykehuset Telemark, Notodden
sykehus",,,,,,,,,,
500,Agnete,Tjærandsen,H,,,,,,,,,,,,,,True
687,Kristian,Torve,A,,"Fylkestingsrepresentant 2015-2019. Møtegodtgjørelse.
Styremedlem Vitensenteret i Trondheim. Møtegodtgjørelse.",,Deltidsjobb i dagligvarehandel i tillegg til studier.,,,,,,,,,,
481,Tove-Lise,Torve,A,,"Medlem Møre og Romsdal fylkesting, lønnet
Medlem fylkesutvalget, Møre og Romsdal fylkeskommune, lønnet
Styreleder Trollheim AS, lønnet
Styremedlem Svorka Energi AS, lønnet
Medlem representantskapet Sparebank 1 SMN, lønnet
Leder Distriktsprogramrådet NRK Møre og Romsdal,
lønnet
Leder Sunndal Arbeiderparti",,,,,,,,,,,,
750,Elin,Tvete,Sp,,"Leder av Opplæringskomiteen i Østfold fylkeskommune,
frikjøpt 70%stilling, øvrige fylkeskommunale verv utover dette godtgjøres ikke.
Medlem i fylkestinget i Østfold fylkeskommune.
Medlem i Yrkesopplæringsnemda i Østfold fylkeskommune.
Bystyremedlem i Fredrikstad kommune, møtegodtgjøring.
Medlem i planutvalget i Fredrikstad kommune, møtegodtgjøring",,"Leder av Opplæringskomiteen i Østfold fylkeskommune,
frikjøpt 70%stilling","Har permisjon fra lærerstilling i Fredrikstad kommune,
er frikjøpt til folkevalgte verv i Østfold fylkeskommune",,,"enebolig, eneeie, Fredrikstad kommune",,,,,,
362,Martha,Tærud,Sp,,,,,,,,,,,,,,True
641,Olav,Urbø,Sp,,"Åmdalsverk Daglegvare AS, styreleiar
Medlem av Telemark fylkesting
Medlem av Tokke kommunestyre",,,,,,,"Åmdalsverk Daglegvare AS, Eierandel: 4,1 %
Aker ASA
ATEA ASA
Incus Investor ASA
Norsk Hydro ASA
Norske skogindustrier ASA
Orkla ASA
REC Silicon ASA
Telenor ASA
YARA International ASA
Eierandel alle: mindre enn 1 %",,,,,
568,Hans Kristian,Voldstad,V,,"Styremedlem Bane NOR Eiendom a.s - lønnet
Styremedlem Schage Eiendom a.s - lønnet
Styreleder BSA Berlin a.s - lønnet
Styreleder Voldstad Eiendom a.s - ulønnet","Niklasberg AB
Restad Gård AB
Frida Fastigheter AB
Heliaca AB
Dette er datterselskap i eget konsern. Samlet fakturering
sek 1.000.000 /år",,,,,"Ingen eiendommer i Norge. Voldstad Eiendom a.s ( 100
% eiet ) har eierskap i eiendommer i Sverige og Tyskland ( Berlin ).","I Norge:
Voldstad Eiendom a.s - 100 %
BSA Berlin a.s - 16 % ( via Voldstad Eiendom a.s )
Div. fond med aktiv forvaltning i Nordea, Industrifinans,
Storm og Zenith",,,,,
694,Ove,Vollan,H,,,,,,,,,,,,,,True
542,Inger Helene,Vaaten,A,,Styremedlem Fagskolen Oslo og Akershus (godtgjørelse). Styremedlem Oslo Arbeiderparti (ikke godtgjørelse),,Informasjonsrådgiver i Handel og Kontor Norge,,,,,,,,,,
421,Eli,Wathne,H,,"Kil toppfotball: styremedlem - ikke lønnet verv, mottar
sesongkort til hjemmekamper som godtgjørelse
Kongsvinger kommune: gruppeleder, formannskapsmedlem og kommunestyrerepresentant. Gruppeleder honoreres 4% av Stortingslønn, formannskapsmedlem 10% av
Stortingslønn samt møtegodtgjørelse for hvert møte.
Regionrådet i Kongsvinger: representant: møtegodtgjørelse.
Hedmark fylkeskommune: fylkestingsrepresentant, 5%
samt møtegodtgjørelse/tapt arbeidsfortjeneste.
Rovviltnemnd region 5 (sekretariat er Fylkesmannen i
Hedmark) møtegodtgjørelse
Østlandssamarbeidet, medlem i fagpolitisk utvalg kompetanse: møtegodtgjørelse",,Topos arkitektur og design as: senior rådgiver,,,,,"Marecura AS. Eierandel: 3,46 %",,,,,
716,Henning,Wold,H,,,,,,,,,,,,,,True
587,Julia,Wong,A,,"Varamedlem til styret i Sandnes havn, ikke lønnet verv
med unntak av oppmøte. Møtt en gang i 2015.",,,,,,,,,,,,
425,Johan,Aas,FrP,,Styreleder Gamle Bæreiavegen boligsameie (lønnet),,,,,,,,,,,,
